{
  "name": "iRate",
  "version": "1.11.7",
  "license": "zlib",
  "summary": "A handy class that prompts users of your iPhone or Mac App Store app to rate your application after using it for a while.",
  "homepage": "https://github.com/nicklockwood/iRate",
  "authors": "Nick Lockwood",
  "source": {
    "git": "https://github.com/nicklockwood/iRate.git",
    "tag": "1.11.7"
  },
  "source_files": "iRate/iRate.{h,m}",
  "resources": "iRate/iRate.bundle",
  "requires_arc": true,
  "platforms": {
    "ios": "4.3",
    "osx": "10.6"
  }
}