{
	"symbol": "SZ300033",
	"time": "Aug 31, 2016 11:34:39 AM",
	"bp1": 68.35,
	"bc1": 41,
	"bp2": 68.34,
	"bc2": 1,
	"bp3": 68.32,
	"bc3": 3,
	"bp4": 68.3,
	"bc4": 16,
	"bp5": 68.27,
	"bc5": 1,
	"bp6": 0.0,
	"bc6": 0,
	"bp7": 0.0,
	"bc7": 0,
	"bp8": 0.0,
	"bc8": 0,
	"bp9": 0.0,
	"bc9": 0,
	"bp10": 0.0,
	"bc10": 0,
	"current": 68.35,
	"sp1": 68.36,
	"sc1": 33,
	"sp2": 68.37,
	"sc2": 157,
	"sp3": 68.38,
	"sc3": 114,
	"sp4": 68.39,
	"sc4": 44,
	"sp5": 68.4,
	"sc5": 73,
	"sp6": 0.0,
	"sc6": 0,
	"sp7": 0.0,
	"sc7": 0,
	"sp8": 0.0,
	"sc8": 0,
	"sp9": 0.0,
	"sc9": 0,
	"sp10": 0.0,
	"sc10": 0,
	"buypct": 12.84,
	"sellpct": 87.16,
	"diff": -359,
	"ratio": -74.33
}