{
	"stock": {
		"symbol": "SZ300033"
	},
	"success": "true",
	"chartlist": [{
		"volume": 17409471,
		"open": 8.32,
		"high": 8.93,
		"close": 7.92,
		"low": 7.75,
		"chg": -0.4,
		"percent": -4.81,
		"turnrate": 129.54000000000002,
		"ma5": 7.92,
		"ma10": 7.92,
		"ma20": 7.92,
		"ma30": 7.92,
		"dif": 0.0,
		"dea": 0.0,
		"macd": 0.0,
		"time": "Thu Dec 31 00:00:00 +0800 2009"
	}, {
		"volume": 41040434,
		"open": 8.07,
		"high": 9.92,
		"close": 9.17,
		"low": 7.44,
		"chg": 1.25,
		"percent": 15.78,
		"turnrate": 305.35999999999996,
		"ma5": 8.55,
		"ma10": 8.55,
		"ma20": 8.55,
		"ma30": 8.55,
		"dif": 0.1,
		"dea": 0.02,
		"macd": 0.16,
		"time": "Fri Jan 29 00:00:00 +0800 2010"
	}, {
		"volume": 19988484,
		"open": 8.83,
		"high": 10.54,
		"close": 9.94,
		"low": 8.43,
		"chg": 0.77,
		"percent": 8.4,
		"turnrate": 148.72000000000003,
		"ma5": 9.01,
		"ma10": 9.01,
		"ma20": 9.01,
		"ma30": 9.01,
		"dif": 0.24,
		"dea": 0.06,
		"macd": 0.35,
		"time": "Fri Feb 26 00:00:00 +0800 2010"
	}, {
		"volume": 88855600,
		"open": 9.99,
		"high": 13.11,
		"close": 12.93,
		"low": 9.33,
		"chg": 2.99,
		"percent": 30.08,
		"turnrate": 364.03,
		"ma5": 9.99,
		"ma10": 9.99,
		"ma20": 9.99,
		"ma30": 9.99,
		"dif": 0.58,
		"dea": 0.17,
		"macd": 0.83,
		"time": "Wed Mar 31 00:00:00 +0800 2010"
	}, {
		"volume": 71552203,
		"open": 13.01,
		"high": 13.98,
		"close": 9.57,
		"low": 9.11,
		"chg": -3.36,
		"percent": -25.99,
		"turnrate": 212.97000000000003,
		"ma5": 9.91,
		"ma10": 9.91,
		"ma20": 9.91,
		"ma30": 9.91,
		"dif": 0.58,
		"dea": 0.25,
		"macd": 0.66,
		"time": "Fri Apr 30 00:00:00 +0800 2010"
	}, {
		"volume": 34888735,
		"open": 9.43,
		"high": 10.36,
		"close": 8.68,
		"low": 7.71,
		"chg": -0.89,
		"percent": -9.3,
		"turnrate": 103.82,
		"ma5": 10.06,
		"ma10": 9.7,
		"ma20": 9.7,
		"ma30": 9.7,
		"dif": 0.5,
		"dea": 0.3,
		"macd": 0.39,
		"time": "Mon May 31 00:00:00 +0800 2010"
	}, {
		"volume": 45907384,
		"open": 8.54,
		"high": 10.5,
		"close": 7.92,
		"low": 7.5,
		"chg": -0.76,
		"percent": -8.76,
		"turnrate": 136.62,
		"ma5": 9.81,
		"ma10": 9.45,
		"ma20": 9.45,
		"ma30": 9.45,
		"dif": 0.37,
		"dea": 0.31,
		"macd": 0.11,
		"time": "Wed Jun 30 00:00:00 +0800 2010"
	}, {
		"volume": 27583315,
		"open": 7.91,
		"high": 8.33,
		"close": 8.0,
		"low": 7.02,
		"chg": 0.08,
		"percent": 1.01,
		"turnrate": 82.08,
		"ma5": 9.42,
		"ma10": 9.27,
		"ma20": 9.27,
		"ma30": 9.27,
		"dif": 0.27,
		"dea": 0.3,
		"macd": -0.07,
		"time": "Fri Jul 30 00:00:00 +0800 2010"
	}, {
		"volume": 30453286,
		"open": 7.98,
		"high": 8.79,
		"close": 7.97,
		"low": 7.71,
		"chg": -0.03,
		"percent": -0.38,
		"turnrate": 90.64,
		"ma5": 8.43,
		"ma10": 9.12,
		"ma20": 9.12,
		"ma30": 9.12,
		"dif": 0.18,
		"dea": 0.28,
		"macd": -0.19,
		"time": "Tue Aug 31 00:00:00 +0800 2010"
	}, {
		"volume": 21308285,
		"open": 7.97,
		"high": 8.24,
		"close": 7.01,
		"low": 6.71,
		"chg": -0.96,
		"percent": -12.05,
		"turnrate": 63.400000000000006,
		"ma5": 7.92,
		"ma10": 8.91,
		"ma20": 8.91,
		"ma30": 8.91,
		"dif": 0.04,
		"dea": 0.23,
		"macd": -0.38,
		"time": "Thu Sep 30 00:00:00 +0800 2010"
	}, {
		"volume": 33459359,
		"open": 7.03,
		"high": 8.98,
		"close": 8.68,
		"low": 7.03,
		"chg": 1.67,
		"percent": 23.82,
		"turnrate": 99.58,
		"ma5": 7.92,
		"ma10": 8.99,
		"ma20": 8.89,
		"ma30": 8.89,
		"dif": 0.06,
		"dea": 0.2,
		"macd": -0.28,
		"time": "Fri Oct 29 00:00:00 +0800 2010"
	}, {
		"volume": 41473769,
		"open": 8.83,
		"high": 9.88,
		"close": 8.99,
		"low": 8.06,
		"chg": 0.31,
		"percent": 3.57,
		"turnrate": 123.42000000000002,
		"ma5": 8.13,
		"ma10": 8.97,
		"ma20": 8.9,
		"ma30": 8.9,
		"dif": 0.1,
		"dea": 0.18,
		"macd": -0.16,
		"time": "Tue Nov 30 00:00:00 +0800 2010"
	}, {
		"volume": 22071091,
		"open": 8.93,
		"high": 10.01,
		"close": 7.98,
		"low": 7.6,
		"chg": -1.01,
		"percent": -11.23,
		"turnrate": 59.879999999999995,
		"ma5": 8.13,
		"ma10": 8.77,
		"ma20": 8.83,
		"ma30": 8.83,
		"dif": 0.05,
		"dea": 0.15,
		"macd": -0.21,
		"time": "Fri Dec 31 00:00:00 +0800 2010"
	}, {
		"volume": 16140625,
		"open": 8.1,
		"high": 8.16,
		"close": 6.68,
		"low": 6.28,
		"chg": -1.3,
		"percent": -16.29,
		"turnrate": 22.77,
		"ma5": 7.87,
		"ma10": 8.15,
		"ma20": 8.67,
		"ma30": 8.67,
		"dif": -0.1,
		"dea": 0.1,
		"macd": -0.4,
		"time": "Mon Jan 31 00:00:00 +0800 2011"
	}, {
		"volume": 13261007,
		"open": 6.68,
		"high": 7.73,
		"close": 7.2,
		"low": 6.61,
		"chg": 0.52,
		"percent": 7.78,
		"turnrate": 18.68,
		"ma5": 7.91,
		"ma10": 7.91,
		"ma20": 8.58,
		"ma30": 8.58,
		"dif": -0.17,
		"dea": 0.05,
		"macd": -0.43,
		"time": "Mon Feb 28 00:00:00 +0800 2011"
	}, {
		"volume": 37140874,
		"open": 7.23,
		"high": 7.89,
		"close": 6.6,
		"low": 6.47,
		"chg": -0.6,
		"percent": -8.33,
		"turnrate": 52.379999999999995,
		"ma5": 7.49,
		"ma10": 7.7,
		"ma20": 8.45,
		"ma30": 8.45,
		"dif": -0.27,
		"dea": -0.02,
		"macd": -0.5,
		"time": "Thu Mar 31 00:00:00 +0800 2011"
	}, {
		"volume": 12810570,
		"open": 6.64,
		"high": 6.85,
		"close": 5.51,
		"low": 5.28,
		"chg": -1.09,
		"percent": -16.52,
		"turnrate": 18.069999999999997,
		"ma5": 6.79,
		"ma10": 7.46,
		"ma20": 8.28,
		"ma30": 8.28,
		"dif": -0.43,
		"dea": -0.1,
		"macd": -0.66,
		"time": "Fri Apr 29 00:00:00 +0800 2011"
	}, {
		"volume": 12212962,
		"open": 5.53,
		"high": 5.65,
		"close": 5.03,
		"low": 4.6,
		"chg": -0.48,
		"percent": -8.71,
		"turnrate": 17.21,
		"ma5": 6.2,
		"ma10": 7.17,
		"ma20": 8.1,
		"ma30": 8.1,
		"dif": -0.59,
		"dea": -0.2,
		"macd": -0.79,
		"time": "Tue May 31 00:00:00 +0800 2011"
	}, {
		"volume": 12666618,
		"open": 5.02,
		"high": 5.11,
		"close": 4.91,
		"low": 4.52,
		"chg": -0.12,
		"percent": -2.39,
		"turnrate": 17.900000000000002,
		"ma5": 5.85,
		"ma10": 6.86,
		"ma20": 7.93,
		"ma30": 7.93,
		"dif": -0.72,
		"dea": -0.3,
		"macd": -0.84,
		"time": "Thu Jun 30 00:00:00 +0800 2011"
	}, {
		"volume": 18659553,
		"open": 4.94,
		"high": 5.5,
		"close": 4.81,
		"low": 4.66,
		"chg": -0.1,
		"percent": -2.04,
		"turnrate": 26.31,
		"ma5": 5.37,
		"ma10": 6.64,
		"ma20": 7.77,
		"ma30": 7.77,
		"dif": -0.82,
		"dea": -0.41,
		"macd": -0.83,
		"time": "Fri Jul 29 00:00:00 +0800 2011"
	}, {
		"volume": 21451002,
		"open": 4.71,
		"high": 5.23,
		"close": 4.53,
		"low": 4.03,
		"chg": -0.28,
		"percent": -5.82,
		"turnrate": 30.259999999999994,
		"ma5": 4.96,
		"ma10": 6.22,
		"ma20": 7.61,
		"ma30": 7.62,
		"dif": -0.91,
		"dea": -0.51,
		"macd": -0.81,
		"time": "Wed Aug 31 00:00:00 +0800 2011"
	}, {
		"volume": 6911892,
		"open": 4.56,
		"high": 4.63,
		"close": 3.97,
		"low": 3.92,
		"chg": -0.56,
		"percent": -12.36,
		"turnrate": 9.749999999999998,
		"ma5": 4.65,
		"ma10": 5.72,
		"ma20": 7.35,
		"ma30": 7.45,
		"dif": -1.02,
		"dea": -0.61,
		"macd": -0.82,
		"time": "Fri Sep 30 00:00:00 +0800 2011"
	}, {
		"volume": 8211437,
		"open": 3.96,
		"high": 4.28,
		"close": 4.25,
		"low": 3.74,
		"chg": 0.28,
		"percent": 7.05,
		"turnrate": 11.56,
		"ma5": 4.49,
		"ma10": 5.35,
		"ma20": 7.06,
		"ma30": 7.32,
		"dif": -1.07,
		"dea": -0.7,
		"macd": -0.74,
		"time": "Mon Oct 31 00:00:00 +0800 2011"
	}, {
		"volume": 26732157,
		"open": 4.17,
		"high": 5.0,
		"close": 4.07,
		"low": 4.04,
		"chg": -0.18,
		"percent": -4.24,
		"turnrate": 37.69999999999999,
		"ma5": 4.33,
		"ma10": 5.09,
		"ma20": 6.62,
		"ma30": 7.18,
		"dif": -1.11,
		"dea": -0.78,
		"macd": -0.65,
		"time": "Wed Nov 30 00:00:00 +0800 2011"
	}, {
		"volume": 8381163,
		"open": 4.21,
		"high": 4.36,
		"close": 3.14,
		"low": 3.07,
		"chg": -0.93,
		"percent": -22.85,
		"turnrate": 11.82,
		"ma5": 3.99,
		"ma10": 4.68,
		"ma20": 6.3,
		"ma30": 7.02,
		"dif": -1.2,
		"dea": -0.87,
		"macd": -0.67,
		"time": "Fri Dec 30 00:00:00 +0800 2011"
	}, {
		"volume": 8832407,
		"open": 3.16,
		"high": 3.33,
		"close": 2.9,
		"low": 2.68,
		"chg": -0.24,
		"percent": -7.64,
		"turnrate": 12.37,
		"ma5": 3.67,
		"ma10": 4.31,
		"ma20": 6.01,
		"ma30": 6.86,
		"dif": -1.28,
		"dea": -0.95,
		"macd": -0.66,
		"time": "Tue Jan 31 00:00:00 +0800 2012"
	}, {
		"volume": 29769926,
		"open": 2.98,
		"high": 4.16,
		"close": 3.71,
		"low": 2.87,
		"chg": 0.81,
		"percent": 27.93,
		"turnrate": 41.300000000000004,
		"ma5": 3.61,
		"ma10": 4.13,
		"ma20": 5.8,
		"ma30": 6.74,
		"dif": -1.26,
		"dea": -1.01,
		"macd": -0.5,
		"time": "Wed Feb 29 00:00:00 +0800 2012"
	}, {
		"volume": 16729978,
		"open": 3.71,
		"high": 3.88,
		"close": 3.16,
		"low": 3.06,
		"chg": -0.55,
		"percent": -14.82,
		"turnrate": 23.209999999999997,
		"ma5": 3.4,
		"ma10": 3.95,
		"ma20": 5.56,
		"ma30": 6.62,
		"dif": -1.28,
		"dea": -1.07,
		"macd": -0.43,
		"time": "Fri Mar 30 00:00:00 +0800 2012"
	}, {
		"volume": 20629355,
		"open": 3.18,
		"high": 4.0,
		"close": 3.55,
		"low": 3.08,
		"chg": 0.39,
		"percent": 12.34,
		"turnrate": 28.6,
		"ma5": 3.29,
		"ma10": 3.81,
		"ma20": 5.33,
		"ma30": 6.51,
		"dif": -1.25,
		"dea": -1.1,
		"macd": -0.29,
		"time": "Fri Apr 27 00:00:00 +0800 2012"
	}, {
		"volume": 15797873,
		"open": 3.65,
		"high": 3.85,
		"close": 3.59,
		"low": 3.32,
		"chg": 0.04,
		"percent": 1.13,
		"turnrate": 21.900000000000002,
		"ma5": 3.38,
		"ma10": 3.69,
		"ma20": 5.16,
		"ma30": 6.41,
		"dif": -1.2,
		"dea": -1.12,
		"macd": -0.16,
		"time": "Thu May 31 00:00:00 +0800 2012"
	}, {
		"volume": 9590958,
		"open": 3.61,
		"high": 3.63,
		"close": 3.59,
		"low": 3.22,
		"chg": 0.0,
		"percent": 0.0,
		"turnrate": 13.299999999999999,
		"ma5": 3.52,
		"ma10": 3.59,
		"ma20": 4.91,
		"ma30": 6.27,
		"dif": -1.16,
		"dea": -1.13,
		"macd": -0.05,
		"time": "Fri Jun 29 00:00:00 +0800 2012"
	}, {
		"volume": 23719238,
		"open": 3.57,
		"high": 4.19,
		"close": 3.92,
		"low": 3.48,
		"chg": 0.33,
		"percent": 9.19,
		"turnrate": 32.870000000000005,
		"ma5": 3.56,
		"ma10": 3.59,
		"ma20": 4.65,
		"ma30": 6.09,
		"dif": -1.08,
		"dea": -1.12,
		"macd": 0.08,
		"time": "Tue Jul 31 00:00:00 +0800 2012"
	}, {
		"volume": 20478336,
		"open": 3.92,
		"high": 4.43,
		"close": 3.56,
		"low": 3.56,
		"chg": -0.36,
		"percent": -9.18,
		"turnrate": 28.42,
		"ma5": 3.64,
		"ma10": 3.52,
		"ma20": 4.43,
		"ma30": 5.88,
		"dif": -1.03,
		"dea": -1.1,
		"macd": 0.14,
		"time": "Fri Aug 31 00:00:00 +0800 2012"
	}, {
		"volume": 38373917,
		"open": 3.12,
		"high": 3.33,
		"close": 2.76,
		"low": 2.62,
		"chg": -0.8,
		"percent": -22.47,
		"turnrate": 53.17,
		"ma5": 3.48,
		"ma10": 3.39,
		"ma20": 4.24,
		"ma30": 5.54,
		"dif": -1.05,
		"dea": -1.09,
		"macd": 0.08,
		"time": "Fri Sep 28 00:00:00 +0800 2012"
	}, {
		"volume": 10868602,
		"open": 2.74,
		"high": 3.18,
		"close": 2.66,
		"low": 2.6,
		"chg": -0.1,
		"percent": -3.62,
		"turnrate": 15.099999999999998,
		"ma5": 3.3,
		"ma10": 3.34,
		"ma20": 4.01,
		"ma30": 5.31,
		"dif": -1.06,
		"dea": -1.09,
		"macd": 0.05,
		"time": "Wed Oct 31 00:00:00 +0800 2012"
	}, {
		"volume": 5767581,
		"open": 2.66,
		"high": 2.72,
		"close": 2.27,
		"low": 2.17,
		"chg": -0.39,
		"percent": -14.66,
		"turnrate": 8.010000000000002,
		"ma5": 3.03,
		"ma10": 3.28,
		"ma20": 3.79,
		"ma30": 5.1,
		"dif": -1.09,
		"dea": -1.09,
		"macd": 0.0,
		"time": "Wed Nov 21 00:00:00 +0800 2012"
	}, {
		"volume": 29735971,
		"open": 2.15,
		"high": 2.67,
		"close": 2.6,
		"low": 2.15,
		"chg": 0.33,
		"percent": 14.54,
		"turnrate": 41.25000000000001,
		"ma5": 2.77,
		"ma10": 3.17,
		"ma20": 3.65,
		"ma30": 4.92,
		"dif": -1.07,
		"dea": -1.08,
		"macd": 0.03,
		"time": "Mon Dec 31 00:00:00 +0800 2012"
	}, {
		"volume": 30672654,
		"open": 2.62,
		"high": 3.06,
		"close": 2.85,
		"low": 2.5,
		"chg": 0.25,
		"percent": 9.62,
		"turnrate": 42.53,
		"ma5": 2.63,
		"ma10": 3.14,
		"ma20": 3.54,
		"ma30": 4.75,
		"dif": -1.03,
		"dea": -1.07,
		"macd": 0.09,
		"time": "Thu Jan 31 00:00:00 +0800 2013"
	}, {
		"volume": 19480683,
		"open": 2.83,
		"high": 3.06,
		"close": 3.02,
		"low": 2.78,
		"chg": 0.17,
		"percent": 5.96,
		"turnrate": 26.490000000000006,
		"ma5": 2.68,
		"ma10": 3.08,
		"ma20": 3.45,
		"ma30": 4.58,
		"dif": -0.96,
		"dea": -1.05,
		"macd": 0.17,
		"time": "Thu Feb 28 00:00:00 +0800 2013"
	}, {
		"volume": 35855155,
		"open": 3.02,
		"high": 3.79,
		"close": 3.01,
		"low": 2.92,
		"chg": -0.01,
		"percent": -0.33,
		"turnrate": 46.54,
		"ma5": 2.75,
		"ma10": 3.02,
		"ma20": 3.36,
		"ma30": 4.45,
		"dif": -0.91,
		"dea": -1.02,
		"macd": 0.23,
		"time": "Fri Mar 29 00:00:00 +0800 2013"
	}, {
		"volume": 10776440,
		"open": 3.02,
		"high": 3.21,
		"close": 2.79,
		"low": 2.72,
		"chg": -0.22,
		"percent": -7.31,
		"turnrate": 8.830000000000002,
		"ma5": 2.85,
		"ma10": 2.94,
		"ma20": 3.27,
		"ma30": 4.25,
		"dif": -0.87,
		"dea": -0.99,
		"macd": 0.25,
		"time": "Fri Apr 26 00:00:00 +0800 2013"
	}, {
		"volume": 33527068,
		"open": 2.76,
		"high": 4.11,
		"close": 3.64,
		"low": 2.76,
		"chg": 0.85,
		"percent": 30.47,
		"turnrate": 27.479999999999997,
		"ma5": 3.06,
		"ma10": 2.92,
		"ma20": 3.25,
		"ma30": 4.08,
		"dif": -0.76,
		"dea": -0.94,
		"macd": 0.37,
		"time": "Fri May 31 00:00:00 +0800 2013"
	}, {
		"volume": 15587670,
		"open": 3.62,
		"high": 3.71,
		"close": 3.67,
		"low": 2.84,
		"chg": 0.03,
		"percent": 0.82,
		"turnrate": 12.79,
		"ma5": 3.23,
		"ma10": 2.93,
		"ma20": 3.22,
		"ma30": 3.93,
		"dif": -0.66,
		"dea": -0.89,
		"macd": 0.45,
		"time": "Fri Jun 28 00:00:00 +0800 2013"
	}, {
		"volume": 95740477,
		"open": 3.66,
		"high": 7.45,
		"close": 5.62,
		"low": 3.55,
		"chg": 1.95,
		"percent": 53.13,
		"turnrate": 78.52000000000001,
		"ma5": 3.75,
		"ma10": 3.21,
		"ma20": 3.3,
		"ma30": 3.9,
		"dif": -0.43,
		"dea": -0.8,
		"macd": 0.74,
		"time": "Wed Jul 31 00:00:00 +0800 2013"
	}, {
		"volume": 106549305,
		"open": 5.88,
		"high": 6.66,
		"close": 5.48,
		"low": 5.24,
		"chg": -0.14,
		"percent": -2.49,
		"turnrate": 87.39,
		"ma5": 4.24,
		"ma10": 3.5,
		"ma20": 3.42,
		"ma30": 3.84,
		"dif": -0.25,
		"dea": -0.69,
		"macd": 0.88,
		"time": "Fri Aug 30 00:00:00 +0800 2013"
	}, {
		"volume": 68094610,
		"open": 5.43,
		"high": 7.16,
		"close": 6.6,
		"low": 5.38,
		"chg": 1.12,
		"percent": 20.44,
		"turnrate": 55.83,
		"ma5": 5.0,
		"ma10": 3.93,
		"ma20": 3.6,
		"ma30": 3.84,
		"dif": -0.01,
		"dea": -0.55,
		"macd": 1.08,
		"time": "Mon Sep 30 00:00:00 +0800 2013"
	}, {
		"volume": 44485162,
		"open": 6.56,
		"high": 7.54,
		"close": 5.2,
		"low": 5.18,
		"chg": -1.4,
		"percent": -21.21,
		"turnrate": 36.47,
		"ma5": 5.31,
		"ma10": 4.19,
		"ma20": 3.68,
		"ma30": 3.83,
		"dif": 0.06,
		"dea": -0.43,
		"macd": 0.98,
		"time": "Thu Oct 31 00:00:00 +0800 2013"
	}, {
		"volume": 18252880,
		"open": 5.2,
		"high": 5.53,
		"close": 5.45,
		"low": 4.76,
		"chg": 0.25,
		"percent": 4.81,
		"turnrate": 14.959999999999999,
		"ma5": 5.67,
		"ma10": 4.45,
		"ma20": 3.79,
		"ma30": 3.84,
		"dif": 0.13,
		"dea": -0.32,
		"macd": 0.9,
		"time": "Fri Nov 29 00:00:00 +0800 2013"
	}, {
		"volume": 17448012,
		"open": 5.16,
		"high": 5.63,
		"close": 5.15,
		"low": 4.27,
		"chg": -0.3,
		"percent": -5.5,
		"turnrate": 14.299999999999999,
		"ma5": 5.58,
		"ma10": 4.66,
		"ma20": 3.87,
		"ma30": 3.85,
		"dif": 0.17,
		"dea": -0.22,
		"macd": 0.77,
		"time": "Tue Dec 31 00:00:00 +0800 2013"
	}, {
		"volume": 35919732,
		"open": 5.16,
		"high": 6.4,
		"close": 6.0,
		"low": 4.67,
		"chg": 0.85,
		"percent": 16.5,
		"turnrate": 29.210000000000004,
		"ma5": 5.68,
		"ma10": 4.96,
		"ma20": 3.99,
		"ma30": 3.89,
		"dif": 0.26,
		"dea": -0.12,
		"macd": 0.77,
		"time": "Thu Jan 30 00:00:00 +0800 2014"
	}, {
		"volume": 39475372,
		"open": 5.99,
		"high": 6.48,
		"close": 4.98,
		"low": 4.74,
		"chg": -1.02,
		"percent": -17.0,
		"turnrate": 32.019999999999996,
		"ma5": 5.36,
		"ma10": 5.18,
		"ma20": 4.06,
		"ma30": 3.91,
		"dif": 0.25,
		"dea": -0.05,
		"macd": 0.59,
		"time": "Fri Feb 28 00:00:00 +0800 2014"
	}, {
		"volume": 19494963,
		"open": 4.96,
		"high": 5.58,
		"close": 4.62,
		"low": 4.48,
		"chg": -0.36,
		"percent": -7.23,
		"turnrate": 15.819999999999999,
		"ma5": 5.24,
		"ma10": 5.28,
		"ma20": 4.1,
		"ma30": 3.93,
		"dif": 0.21,
		"dea": 0.0,
		"macd": 0.41,
		"time": "Mon Mar 31 00:00:00 +0800 2014"
	}, {
		"volume": 55249142,
		"open": 4.54,
		"high": 6.2,
		"close": 5.06,
		"low": 4.53,
		"chg": 0.44,
		"percent": 9.52,
		"turnrate": 44.82999999999999,
		"ma5": 5.16,
		"ma10": 5.42,
		"ma20": 4.17,
		"ma30": 3.95,
		"dif": 0.21,
		"dea": 0.04,
		"macd": 0.33,
		"time": "Wed Apr 30 00:00:00 +0800 2014"
	}, {
		"volume": 103448107,
		"open": 5.05,
		"high": 6.17,
		"close": 5.84,
		"low": 5.0,
		"chg": 0.78,
		"percent": 15.42,
		"turnrate": 49.980000000000004,
		"ma5": 5.3,
		"ma10": 5.44,
		"ma20": 4.33,
		"ma30": 4.01,
		"dif": 0.27,
		"dea": 0.09,
		"macd": 0.36,
		"time": "Fri May 30 00:00:00 +0800 2014"
	}, {
		"volume": 131019842,
		"open": 5.83,
		"high": 6.65,
		"close": 6.2,
		"low": 5.62,
		"chg": 0.36,
		"percent": 6.16,
		"turnrate": 53.150000000000006,
		"ma5": 5.34,
		"ma10": 5.51,
		"ma20": 4.5,
		"ma30": 4.12,
		"dif": 0.34,
		"dea": 0.14,
		"macd": 0.4,
		"time": "Mon Jun 30 00:00:00 +0800 2014"
	}, {
		"volume": 175318249,
		"open": 6.2,
		"high": 9.38,
		"close": 8.85,
		"low": 6.15,
		"chg": 2.65,
		"percent": 42.74,
		"turnrate": 71.05,
		"ma5": 6.11,
		"ma10": 5.74,
		"ma20": 4.83,
		"ma30": 4.31,
		"dif": 0.6,
		"dea": 0.23,
		"macd": 0.75,
		"time": "Thu Jul 31 00:00:00 +0800 2014"
	}, {
		"volume": 176391109,
		"open": 8.67,
		"high": 12.57,
		"close": 11.36,
		"low": 8.37,
		"chg": 2.51,
		"percent": 28.36,
		"turnrate": 71.52000000000001,
		"ma5": 7.46,
		"ma10": 6.35,
		"ma20": 5.27,
		"ma30": 4.57,
		"dif": 1.01,
		"dea": 0.39,
		"macd": 1.24,
		"time": "Fri Aug 29 00:00:00 +0800 2014"
	}, {
		"volume": 101508274,
		"open": 11.28,
		"high": 12.52,
		"close": 11.48,
		"low": 10.72,
		"chg": 0.12,
		"percent": 1.06,
		"turnrate": 41.14000000000001,
		"ma5": 8.75,
		"ma10": 6.95,
		"ma20": 5.7,
		"ma30": 4.85,
		"dif": 1.32,
		"dea": 0.57,
		"macd": 1.49,
		"time": "Tue Sep 30 00:00:00 +0800 2014"
	}, {
		"volume": 48221578,
		"open": 11.37,
		"high": 11.5,
		"close": 11.12,
		"low": 9.53,
		"chg": -0.36,
		"percent": -3.14,
		"turnrate": 19.56,
		"ma5": 9.8,
		"ma10": 7.55,
		"ma20": 6.11,
		"ma30": 5.1,
		"dif": 1.52,
		"dea": 0.76,
		"macd": 1.51,
		"time": "Fri Oct 31 00:00:00 +0800 2014"
	}, {
		"volume": 172044685,
		"open": 11.13,
		"high": 26.08,
		"close": 26.08,
		"low": 11.03,
		"chg": 14.96,
		"percent": 134.53,
		"turnrate": 69.78,
		"ma5": 13.78,
		"ma10": 9.56,
		"ma20": 7.26,
		"ma30": 5.85,
		"dif": 2.85,
		"dea": 1.18,
		"macd": 3.34,
		"time": "Fri Nov 28 00:00:00 +0800 2014"
	}, {
		"volume": 278345087,
		"open": 28.07,
		"high": 34.69,
		"close": 21.9,
		"low": 21.51,
		"chg": -4.18,
		"percent": -16.03,
		"turnrate": 112.88,
		"ma5": 16.39,
		"ma10": 11.25,
		"ma20": 8.22,
		"ma30": 6.46,
		"dif": 3.53,
		"dea": 1.65,
		"macd": 3.76,
		"time": "Wed Dec 31 00:00:00 +0800 2014"
	}, {
		"volume": 231279663,
		"open": 21.72,
		"high": 31.31,
		"close": 26.64,
		"low": 20.33,
		"chg": 4.74,
		"percent": 21.64,
		"turnrate": 93.56,
		"ma5": 19.44,
		"ma10": 13.45,
		"ma20": 9.37,
		"ma30": 7.22,
		"dif": 4.4,
		"dea": 2.2,
		"macd": 4.4,
		"time": "Fri Jan 30 00:00:00 +0800 2015"
	}, {
		"volume": 193659984,
		"open": 25.91,
		"high": 45.56,
		"close": 42.23,
		"low": 25.47,
		"chg": 15.59,
		"percent": 58.52,
		"turnrate": 78.27,
		"ma5": 25.59,
		"ma10": 17.17,
		"ma20": 11.29,
		"ma30": 8.5,
		"dif": 6.27,
		"dea": 3.01,
		"macd": 6.52,
		"time": "Fri Feb 27 00:00:00 +0800 2015"
	}, {
		"volume": 229140705,
		"open": 42.27,
		"high": 66.19,
		"close": 59.72,
		"low": 38.16,
		"chg": 17.49,
		"percent": 41.42,
		"turnrate": 92.60000000000001,
		"ma5": 35.31,
		"ma10": 22.56,
		"ma20": 14.0,
		"ma30": 10.4,
		"dif": 9.07,
		"dea": 4.22,
		"macd": 9.68,
		"time": "Tue Mar 31 00:00:00 +0800 2015"
	}, {
		"volume": 254745062,
		"open": 58.72,
		"high": 107.94,
		"close": 107.94,
		"low": 57.6,
		"chg": 48.22,
		"percent": 80.74,
		"turnrate": 78.76,
		"ma5": 51.69,
		"ma10": 32.73,
		"ma20": 19.12,
		"ma30": 13.91,
		"dif": 15.0,
		"dea": 6.38,
		"macd": 17.24,
		"time": "Thu Apr 30 00:00:00 +0800 2015"
	}, {
		"volume": 431803680,
		"open": 109.26,
		"high": 127.76,
		"close": 94.14,
		"low": 86.7,
		"chg": -13.8,
		"percent": -12.78,
		"turnrate": 87.23,
		"ma5": 66.13,
		"ma10": 41.26,
		"ma20": 23.5,
		"ma30": 16.97,
		"dif": 18.37,
		"dea": 8.78,
		"macd": 19.19,
		"time": "Fri May 29 00:00:00 +0800 2015"
	}, {
		"volume": 427993747,
		"open": 95.02,
		"high": 141.76,
		"close": 85.25,
		"low": 69.61,
		"chg": -8.89,
		"percent": -9.44,
		"turnrate": 86.47999999999999,
		"ma5": 77.86,
		"ma10": 48.65,
		"ma20": 27.5,
		"ma30": 19.73,
		"dif": 20.1,
		"dea": 11.04,
		"macd": 18.11,
		"time": "Tue Jun 30 00:00:00 +0800 2015"
	}, {
		"volume": 552572167,
		"open": 83.54,
		"high": 94.76,
		"close": 69.69,
		"low": 56.61,
		"chg": -15.56,
		"percent": -18.25,
		"turnrate": 111.66,
		"ma5": 83.35,
		"ma10": 54.47,
		"ma20": 30.71,
		"ma30": 21.96,
		"dif": 19.98,
		"dea": 12.83,
		"macd": 14.3,
		"time": "Fri Jul 31 00:00:00 +0800 2015"
	}, {
		"volume": 227377477,
		"open": 66.26,
		"high": 77.85,
		"close": 40.63,
		"low": 37.24,
		"chg": -29.06,
		"percent": -41.7,
		"turnrate": 45.949999999999996,
		"ma5": 79.53,
		"ma10": 57.42,
		"ma20": 32.49,
		"ma30": 23.21,
		"dif": 17.34,
		"dea": 13.73,
		"macd": 7.22,
		"time": "Mon Aug 31 00:00:00 +0800 2015"
	}, {
		"volume": 230101377,
		"open": 39.18,
		"high": 45.26,
		"close": 38.77,
		"low": 33.01,
		"chg": -1.86,
		"percent": -4.58,
		"turnrate": 46.480000000000004,
		"ma5": 65.7,
		"ma10": 58.69,
		"ma20": 34.12,
		"ma30": 24.4,
		"dif": 14.93,
		"dea": 13.97,
		"macd": 1.91,
		"time": "Wed Sep 30 00:00:00 +0800 2015"
	}, {
		"volume": 443876794,
		"open": 40.76,
		"high": 95.23,
		"close": 85.91,
		"low": 39.76,
		"chg": 47.14,
		"percent": 121.59,
		"turnrate": 89.7,
		"ma5": 64.05,
		"ma10": 65.09,
		"ma20": 38.17,
		"ma30": 27.17,
		"dif": 16.63,
		"dea": 14.5,
		"macd": 4.25,
		"time": "Fri Oct 30 00:00:00 +0800 2015"
	}, {
		"volume": 531420529,
		"open": 81.26,
		"high": 96.94,
		"close": 80.25,
		"low": 73.28,
		"chg": -5.66,
		"percent": -6.59,
		"turnrate": 107.37,
		"ma5": 63.05,
		"ma10": 70.45,
		"ma20": 41.95,
		"ma30": 29.73,
		"dif": 17.32,
		"dea": 15.07,
		"macd": 4.51,
		"time": "Mon Nov 30 00:00:00 +0800 2015"
	}, {
		"volume": 351156930,
		"open": 80.06,
		"high": 86.76,
		"close": 70.31,
		"low": 70.24,
		"chg": -9.94,
		"percent": -12.39,
		"turnrate": 70.96000000000002,
		"ma5": 63.17,
		"ma10": 73.26,
		"ma20": 45.22,
		"ma30": 31.95,
		"dif": 16.87,
		"dea": 15.43,
		"macd": 2.89,
		"time": "Thu Dec 31 00:00:00 +0800 2015"
	}, {
		"volume": 399508640,
		"open": 70.16,
		"high": 70.18,
		"close": 60.77,
		"low": 54.13,
		"chg": -9.54,
		"percent": -13.57,
		"turnrate": 80.59,
		"ma5": 67.2,
		"ma10": 73.37,
		"ma20": 47.96,
		"ma30": 33.79,
		"dif": 15.57,
		"dea": 15.46,
		"macd": 0.22,
		"time": "Fri Jan 29 00:00:00 +0800 2016"
	}, {
		"volume": 256539541,
		"open": 60.67,
		"high": 73.06,
		"close": 51.97,
		"low": 51.97,
		"chg": -8.8,
		"percent": -14.48,
		"turnrate": 51.699999999999996,
		"ma5": 69.84,
		"ma10": 67.77,
		"ma20": 50.25,
		"ma30": 35.34,
		"dif": 13.66,
		"dea": 15.1,
		"macd": -2.87,
		"time": "Mon Feb 29 00:00:00 +0800 2016"
	}, {
		"volume": 486422094,
		"open": 51.97,
		"high": 82.47,
		"close": 77.0,
		"low": 50.7,
		"chg": 25.03,
		"percent": 48.16,
		"turnrate": 98.04000000000002,
		"ma5": 68.06,
		"ma10": 66.06,
		"ma20": 53.66,
		"ma30": 37.68,
		"dif": 14.01,
		"dea": 14.88,
		"macd": -1.73,
		"time": "Thu Mar 31 00:00:00 +0800 2016"
	}, {
		"volume": 293204537,
		"open": 76.03,
		"high": 81.56,
		"close": 76.62,
		"low": 70.5,
		"chg": -0.38,
		"percent": -0.49,
		"turnrate": 60.62,
		"ma5": 67.33,
		"ma10": 65.19,
		"ma20": 56.92,
		"ma30": 40.06,
		"dif": 14.1,
		"dea": 14.72,
		"macd": -1.25,
		"time": "Fri Apr 29 00:00:00 +0800 2016"
	}, {
		"volume": 227350764,
		"open": 76.02,
		"high": 84.0,
		"close": 80.48,
		"low": 70.9,
		"chg": 3.86,
		"percent": 5.04,
		"turnrate": 45.811800000000005,
		"ma5": 69.37,
		"ma10": 66.27,
		"ma20": 60.37,
		"ma30": 42.57,
		"dif": 14.31,
		"dea": 14.64,
		"macd": -0.66,
		"time": "Tue May 31 00:00:00 +0800 2016"
	}, {
		"volume": 228560738,
		"open": 81.99,
		"high": 87.88,
		"close": 81.45,
		"low": 73.88,
		"chg": 0.97,
		"percent": 1.21,
		"turnrate": 47.7237,
		"ma5": 73.5,
		"ma10": 70.35,
		"ma20": 63.89,
		"ma30": 45.11,
		"dif": 14.39,
		"dea": 14.59,
		"macd": -0.4,
		"time": "Thu Jun 30 00:00:00 +0800 2016"
	}, {
		"volume": 181876500,
		"open": 81.2,
		"high": 87.23,
		"close": 68.05,
		"low": 67.03,
		"chg": -13.4,
		"percent": -16.45,
		"turnrate": 36.65599999999999,
		"ma5": 76.72,
		"ma10": 73.28,
		"ma20": 65.99,
		"ma30": 47.18,
		"dif": 13.23,
		"dea": 14.32,
		"macd": -2.19,
		"time": "Fri Jul 29 00:00:00 +0800 2016"
	}, {
		"volume": 137561091,
		"open": 67.7,
		"high": 74.42,
		"close": 68.35,
		"low": 65.13,
		"chg": 0.3,
		"percent": 0.44,
		"turnrate": 28.079000000000008,
		"ma5": 74.99,
		"ma10": 71.53,
		"ma20": 68.31,
		"ma30": 49.29,
		"dif": 12.18,
		"dea": 13.89,
		"macd": -3.42,
		"time": "Wed Aug 31 00:00:00 +0800 2016"
	}]
}