{
	"stock": {
		"symbol": "SZ300033"
	},
	"success": "true",
	"chartlist": [{
		"volume": 24348316,
		"open": 11.8,
		"high": 12.52,
		"close": 12.21,
		"low": 11.36,
		"chg": 0.41,
		"percent": 3.47,
		"turnrate": 9.87,
		"ma5": 12.21,
		"ma10": 12.21,
		"ma20": 12.21,
		"ma30": 12.21,
		"dif": 0.0,
		"dea": 0.0,
		"macd": 0.0,
		"time": "Fri Sep 05 00:00:00 +0800 2014"
	}, {
		"volume": 18469151,
		"open": 12.21,
		"high": 12.46,
		"close": 11.98,
		"low": 11.7,
		"chg": -0.23,
		"percent": -1.88,
		"turnrate": 7.48,
		"ma5": 12.1,
		"ma10": 12.1,
		"ma20": 12.1,
		"ma30": 12.1,
		"dif": -0.02,
		"dea": 0.0,
		"macd": -0.03,
		"time": "Fri Sep 12 00:00:00 +0800 2014"
	}, {
		"volume": 22082128,
		"open": 11.92,
		"high": 11.92,
		"close": 11.15,
		"low": 10.75,
		"chg": -0.83,
		"percent": -6.93,
		"turnrate": 8.95,
		"ma5": 11.78,
		"ma10": 11.78,
		"ma20": 11.78,
		"ma30": 11.78,
		"dif": -0.1,
		"dea": -0.02,
		"macd": -0.15,
		"time": "Fri Sep 19 00:00:00 +0800 2014"
	}, {
		"volume": 26470639,
		"open": 11.15,
		"high": 11.95,
		"close": 11.41,
		"low": 10.72,
		"chg": 0.26,
		"percent": 2.33,
		"turnrate": 10.73,
		"ma5": 11.69,
		"ma10": 11.69,
		"ma20": 11.69,
		"ma30": 11.69,
		"dif": -0.14,
		"dea": -0.05,
		"macd": -0.19,
		"time": "Fri Sep 26 00:00:00 +0800 2014"
	}, {
		"volume": 4835202,
		"open": 11.41,
		"high": 11.59,
		"close": 11.48,
		"low": 11.26,
		"chg": 0.07,
		"percent": 0.61,
		"turnrate": 1.96,
		"ma5": 11.65,
		"ma10": 11.65,
		"ma20": 11.65,
		"ma30": 11.65,
		"dif": -0.16,
		"dea": -0.07,
		"macd": -0.19,
		"time": "Tue Sep 30 00:00:00 +0800 2014"
	}, {
		"volume": 6835126,
		"open": 11.37,
		"high": 11.5,
		"close": 11.03,
		"low": 11.02,
		"chg": -0.45,
		"percent": -3.92,
		"turnrate": 2.7699999999999996,
		"ma5": 11.41,
		"ma10": 11.54,
		"ma20": 11.54,
		"ma30": 11.54,
		"dif": -0.22,
		"dea": -0.1,
		"macd": -0.24,
		"time": "Fri Oct 10 00:00:00 +0800 2014"
	}, {
		"volume": 12156789,
		"open": 10.97,
		"high": 11.22,
		"close": 10.48,
		"low": 10.2,
		"chg": -0.55,
		"percent": -4.99,
		"turnrate": 4.93,
		"ma5": 11.11,
		"ma10": 11.39,
		"ma20": 11.39,
		"ma30": 11.39,
		"dif": -0.3,
		"dea": -0.14,
		"macd": -0.32,
		"time": "Fri Oct 17 00:00:00 +0800 2014"
	}, {
		"volume": 7378109,
		"open": 10.6,
		"high": 10.8,
		"close": 9.9,
		"low": 9.78,
		"chg": -0.58,
		"percent": -5.53,
		"turnrate": 3.0,
		"ma5": 10.86,
		"ma10": 11.21,
		"ma20": 11.21,
		"ma30": 11.21,
		"dif": -0.41,
		"dea": -0.19,
		"macd": -0.43,
		"time": "Fri Oct 24 00:00:00 +0800 2014"
	}, {
		"volume": 21851554,
		"open": 9.85,
		"high": 11.45,
		"close": 11.12,
		"low": 9.53,
		"chg": 1.22,
		"percent": 12.32,
		"turnrate": 8.86,
		"ma5": 10.8,
		"ma10": 11.2,
		"ma20": 11.2,
		"ma30": 11.2,
		"dif": -0.39,
		"dea": -0.23,
		"macd": -0.32,
		"time": "Fri Oct 31 00:00:00 +0800 2014"
	}, {
		"volume": 24922206,
		"open": 11.13,
		"high": 12.37,
		"close": 11.84,
		"low": 11.03,
		"chg": 0.72,
		"percent": 6.47,
		"turnrate": 10.120000000000001,
		"ma5": 10.87,
		"ma10": 11.26,
		"ma20": 11.26,
		"ma30": 11.26,
		"dif": -0.32,
		"dea": -0.25,
		"macd": -0.13,
		"time": "Fri Nov 07 00:00:00 +0800 2014"
	}, {
		"volume": 51386600,
		"open": 12.05,
		"high": 16.45,
		"close": 15.32,
		"low": 11.87,
		"chg": 3.48,
		"percent": 29.39,
		"turnrate": 20.830000000000002,
		"ma5": 11.73,
		"ma10": 11.57,
		"ma20": 11.63,
		"ma30": 11.63,
		"dif": 0.02,
		"dea": -0.2,
		"macd": 0.44,
		"time": "Fri Nov 14 00:00:00 +0800 2014"
	}, {
		"volume": 45392025,
		"open": 15.36,
		"high": 18.05,
		"close": 16.97,
		"low": 14.47,
		"chg": 1.65,
		"percent": 10.77,
		"turnrate": 18.41,
		"ma5": 13.03,
		"ma10": 12.07,
		"ma20": 12.07,
		"ma30": 12.07,
		"dif": 0.42,
		"dea": -0.07,
		"macd": 0.99,
		"time": "Fri Nov 21 00:00:00 +0800 2014"
	}, {
		"volume": 50343854,
		"open": 17.17,
		"high": 26.08,
		"close": 26.08,
		"low": 16.97,
		"chg": 9.11,
		"percent": 53.68,
		"turnrate": 20.42,
		"ma5": 16.27,
		"ma10": 13.56,
		"ma20": 13.15,
		"ma30": 13.15,
		"dif": 1.45,
		"dea": 0.23,
		"macd": 2.44,
		"time": "Fri Nov 28 00:00:00 +0800 2014"
	}, {
		"volume": 67794741,
		"open": 28.07,
		"high": 34.69,
		"close": 31.96,
		"low": 26.47,
		"chg": 5.88,
		"percent": 22.55,
		"turnrate": 27.49,
		"ma5": 20.43,
		"ma10": 15.62,
		"ma20": 14.5,
		"ma30": 14.5,
		"dif": 2.72,
		"dea": 0.73,
		"macd": 3.97,
		"time": "Fri Dec 05 00:00:00 +0800 2014"
	}, {
		"volume": 69923740,
		"open": 30.22,
		"high": 32.22,
		"close": 27.55,
		"low": 24.3,
		"chg": -4.41,
		"percent": -13.8,
		"turnrate": 28.36,
		"ma5": 23.58,
		"ma10": 17.23,
		"ma20": 15.37,
		"ma30": 15.37,
		"dif": 3.32,
		"dea": 1.25,
		"macd": 4.15,
		"time": "Fri Dec 12 00:00:00 +0800 2014"
	}, {
		"volume": 68175228,
		"open": 26.72,
		"high": 32.21,
		"close": 28.07,
		"low": 24.37,
		"chg": 0.52,
		"percent": 1.89,
		"turnrate": 27.65,
		"ma5": 26.13,
		"ma10": 18.93,
		"ma20": 16.16,
		"ma30": 16.16,
		"dif": 3.8,
		"dea": 1.76,
		"macd": 4.09,
		"time": "Fri Dec 19 00:00:00 +0800 2014"
	}, {
		"volume": 44313327,
		"open": 27.27,
		"high": 27.47,
		"close": 26.52,
		"low": 23.72,
		"chg": -1.55,
		"percent": -5.52,
		"turnrate": 17.97,
		"ma5": 28.04,
		"ma10": 20.53,
		"ma20": 16.77,
		"ma30": 16.77,
		"dif": 4.01,
		"dea": 2.21,
		"macd": 3.6,
		"time": "Fri Dec 26 00:00:00 +0800 2014"
	}, {
		"volume": 28138051,
		"open": 26.12,
		"high": 26.15,
		"close": 21.9,
		"low": 21.51,
		"chg": -4.62,
		"percent": -17.42,
		"turnrate": 11.41,
		"ma5": 27.2,
		"ma10": 21.73,
		"ma20": 17.05,
		"ma30": 17.05,
		"dif": 3.76,
		"dea": 2.52,
		"macd": 2.48,
		"time": "Wed Dec 31 00:00:00 +0800 2014"
	}, {
		"volume": 65586967,
		"open": 21.72,
		"high": 26.72,
		"close": 25.25,
		"low": 20.33,
		"chg": 3.35,
		"percent": 15.3,
		"turnrate": 26.590000000000003,
		"ma5": 25.86,
		"ma10": 23.15,
		"ma20": 17.49,
		"ma30": 17.49,
		"dif": 3.79,
		"dea": 2.77,
		"macd": 2.03,
		"time": "Fri Jan 09 00:00:00 +0800 2015"
	}, {
		"volume": 66455454,
		"open": 25.27,
		"high": 30.87,
		"close": 30.87,
		"low": 25.27,
		"chg": 5.62,
		"percent": 22.26,
		"turnrate": 26.860000000000003,
		"ma5": 26.52,
		"ma10": 25.05,
		"ma20": 18.15,
		"ma30": 18.15,
		"dif": 4.21,
		"dea": 3.06,
		"macd": 2.3,
		"time": "Fri Jan 16 00:00:00 +0800 2015"
	}, {
		"volume": 64897401,
		"open": 28.72,
		"high": 31.31,
		"close": 28.05,
		"low": 27.7,
		"chg": -2.82,
		"percent": -9.14,
		"turnrate": 26.23,
		"ma5": 26.52,
		"ma10": 26.32,
		"ma20": 18.95,
		"ma30": 18.63,
		"dif": 4.27,
		"dea": 3.3,
		"macd": 1.94,
		"time": "Fri Jan 23 00:00:00 +0800 2015"
	}, {
		"volume": 34339841,
		"open": 28.14,
		"high": 30.0,
		"close": 26.64,
		"low": 26.56,
		"chg": -1.41,
		"percent": -5.03,
		"turnrate": 13.88,
		"ma5": 26.54,
		"ma10": 27.29,
		"ma20": 19.68,
		"ma30": 18.99,
		"dif": 4.16,
		"dea": 3.48,
		"macd": 1.37,
		"time": "Fri Jan 30 00:00:00 +0800 2015"
	}, {
		"volume": 60918496,
		"open": 25.91,
		"high": 33.83,
		"close": 29.41,
		"low": 25.47,
		"chg": 2.77,
		"percent": 10.4,
		"turnrate": 24.62,
		"ma5": 28.04,
		"ma10": 27.62,
		"ma20": 20.59,
		"ma30": 19.44,
		"dif": 4.25,
		"dea": 3.63,
		"macd": 1.23,
		"time": "Fri Feb 06 00:00:00 +0800 2015"
	}, {
		"volume": 71748046,
		"open": 28.96,
		"high": 41.47,
		"close": 40.22,
		"low": 27.9,
		"chg": 10.81,
		"percent": 36.76,
		"turnrate": 28.999999999999996,
		"ma5": 31.04,
		"ma10": 28.45,
		"ma20": 22.03,
		"ma30": 20.31,
		"dif": 5.13,
		"dea": 3.93,
		"macd": 2.4,
		"time": "Fri Feb 13 00:00:00 +0800 2015"
	}, {
		"volume": 30988807,
		"open": 41.22,
		"high": 45.56,
		"close": 45.13,
		"low": 38.77,
		"chg": 4.91,
		"percent": 12.21,
		"turnrate": 12.52,
		"ma5": 33.89,
		"ma10": 30.21,
		"ma20": 23.72,
		"ma30": 21.3,
		"dif": 6.15,
		"dea": 4.37,
		"macd": 3.55,
		"time": "Tue Feb 17 00:00:00 +0800 2015"
	}, {
		"volume": 30004635,
		"open": 43.97,
		"high": 44.22,
		"close": 42.23,
		"low": 38.72,
		"chg": -2.9,
		"percent": -6.43,
		"turnrate": 12.13,
		"ma5": 36.73,
		"ma10": 31.62,
		"ma20": 25.28,
		"ma30": 22.11,
		"dif": 6.65,
		"dea": 4.83,
		"macd": 3.64,
		"time": "Fri Feb 27 00:00:00 +0800 2015"
	}, {
		"volume": 50991852,
		"open": 42.27,
		"high": 46.45,
		"close": 39.17,
		"low": 38.83,
		"chg": -3.06,
		"percent": -7.25,
		"turnrate": 20.6,
		"ma5": 39.23,
		"ma10": 32.89,
		"ma20": 26.71,
		"ma30": 22.74,
		"dif": 6.72,
		"dea": 5.21,
		"macd": 3.03,
		"time": "Fri Mar 06 00:00:00 +0800 2015"
	}, {
		"volume": 44688455,
		"open": 38.89,
		"high": 44.21,
		"close": 42.37,
		"low": 38.16,
		"chg": 3.2,
		"percent": 8.17,
		"turnrate": 18.07,
		"ma5": 41.82,
		"ma10": 34.93,
		"ma20": 28.33,
		"ma30": 23.44,
		"dif": 6.96,
		"dea": 5.56,
		"macd": 2.8,
		"time": "Fri Mar 13 00:00:00 +0800 2015"
	}, {
		"volume": 59967747,
		"open": 42.66,
		"high": 50.32,
		"close": 49.53,
		"low": 41.75,
		"chg": 7.16,
		"percent": 16.9,
		"turnrate": 24.229999999999997,
		"ma5": 43.69,
		"ma10": 37.36,
		"ma20": 30.25,
		"ma30": 24.34,
		"dif": 7.63,
		"dea": 5.97,
		"macd": 3.32,
		"time": "Fri Mar 20 00:00:00 +0800 2015"
	}, {
		"volume": 48555566,
		"open": 54.22,
		"high": 66.19,
		"close": 58.72,
		"low": 52.16,
		"chg": 9.19,
		"percent": 18.55,
		"turnrate": 19.619999999999997,
		"ma5": 46.4,
		"ma10": 40.15,
		"ma20": 32.6,
		"ma30": 25.49,
		"dif": 8.81,
		"dea": 6.54,
		"macd": 4.54,
		"time": "Fri Mar 27 00:00:00 +0800 2015"
	}, {
		"volume": 49707558,
		"open": 57.06,
		"high": 61.91,
		"close": 59.4,
		"low": 52.77,
		"chg": 0.68,
		"percent": 1.16,
		"turnrate": 20.09,
		"ma5": 49.84,
		"ma10": 43.28,
		"ma20": 34.8,
		"ma30": 27.06,
		"dif": 9.68,
		"dea": 7.17,
		"macd": 5.03,
		"time": "Fri Apr 03 00:00:00 +0800 2015"
	}, {
		"volume": 34697569,
		"open": 59.72,
		"high": 77.01,
		"close": 72.17,
		"low": 59.72,
		"chg": 12.77,
		"percent": 21.5,
		"turnrate": 14.010000000000002,
		"ma5": 56.44,
		"ma10": 47.83,
		"ma20": 37.56,
		"ma30": 29.06,
		"dif": 11.28,
		"dea": 7.99,
		"macd": 6.57,
		"time": "Fri Apr 10 00:00:00 +0800 2015"
	}, {
		"volume": 39051620,
		"open": 74.77,
		"high": 79.36,
		"close": 66.18,
		"low": 63.28,
		"chg": -5.99,
		"percent": -8.3,
		"turnrate": 15.780000000000001,
		"ma5": 61.2,
		"ma10": 51.51,
		"ma20": 39.57,
		"ma30": 30.9,
		"dif": 11.92,
		"dea": 8.78,
		"macd": 6.29,
		"time": "Fri Apr 17 00:00:00 +0800 2015"
	}, {
		"volume": 60600563,
		"open": 67.22,
		"high": 91.73,
		"close": 91.73,
		"low": 65.97,
		"chg": 25.55,
		"percent": 38.61,
		"turnrate": 19.63,
		"ma5": 69.64,
		"ma10": 56.66,
		"ma20": 42.56,
		"ma30": 33.58,
		"dif": 14.33,
		"dea": 9.89,
		"macd": 8.88,
		"time": "Fri Apr 24 00:00:00 +0800 2015"
	}, {
		"volume": 95624837,
		"open": 96.76,
		"high": 107.94,
		"close": 107.94,
		"low": 92.26,
		"chg": 16.21,
		"percent": 17.67,
		"turnrate": 19.33,
		"ma5": 79.48,
		"ma10": 62.94,
		"ma20": 46.58,
		"ma30": 36.79,
		"dif": 17.34,
		"dea": 11.38,
		"macd": 11.93,
		"time": "Thu Apr 30 00:00:00 +0800 2015"
	}, {
		"volume": 110463675,
		"open": 109.26,
		"high": 109.26,
		"close": 101.16,
		"low": 92.26,
		"chg": -6.78,
		"percent": -6.28,
		"turnrate": 22.310000000000002,
		"ma5": 87.84,
		"ma10": 68.84,
		"ma20": 50.23,
		"ma30": 39.8,
		"dif": 18.96,
		"dea": 12.89,
		"macd": 12.14,
		"time": "Fri May 08 00:00:00 +0800 2015"
	}, {
		"volume": 124530179,
		"open": 103.26,
		"high": 127.76,
		"close": 107.4,
		"low": 99.66,
		"chg": 6.24,
		"percent": 6.17,
		"turnrate": 25.16,
		"ma5": 94.88,
		"ma10": 75.66,
		"ma20": 54.27,
		"ma30": 43.03,
		"dif": 20.52,
		"dea": 14.42,
		"macd": 12.2,
		"time": "Fri May 15 00:00:00 +0800 2015"
	}, {
		"volume": 93360144,
		"open": 109.46,
		"high": 118.13,
		"close": 112.16,
		"low": 103.46,
		"chg": 4.76,
		"percent": 4.43,
		"turnrate": 18.86,
		"ma5": 104.08,
		"ma10": 82.64,
		"ma20": 58.79,
		"ma30": 46.44,
		"dif": 21.88,
		"dea": 15.91,
		"macd": 11.94,
		"time": "Fri May 22 00:00:00 +0800 2015"
	}, {
		"volume": 103449682,
		"open": 104.26,
		"high": 109.25,
		"close": 94.14,
		"low": 86.7,
		"chg": -18.02,
		"percent": -16.07,
		"turnrate": 20.9,
		"ma5": 104.56,
		"ma10": 87.1,
		"ma20": 62.23,
		"ma30": 49.2,
		"dif": 21.26,
		"dea": 16.98,
		"macd": 8.56,
		"time": "Fri May 29 00:00:00 +0800 2015"
	}, {
		"volume": 130732801,
		"open": 95.02,
		"high": 141.76,
		"close": 123.03,
		"low": 92.14,
		"chg": 28.89,
		"percent": 30.69,
		"turnrate": 26.42,
		"ma5": 107.58,
		"ma10": 93.53,
		"ma20": 66.84,
		"ma30": 52.91,
		"dif": 22.84,
		"dea": 18.15,
		"macd": 9.37,
		"time": "Fri Jun 05 00:00:00 +0800 2015"
	}, {
		"volume": 87807433,
		"open": 118.55,
		"high": 130.76,
		"close": 113.26,
		"low": 110.26,
		"chg": -9.77,
		"percent": -7.94,
		"turnrate": 17.74,
		"ma5": 110.0,
		"ma10": 98.92,
		"ma20": 71.1,
		"ma30": 56.17,
		"dif": 23.04,
		"dea": 19.13,
		"macd": 7.81,
		"time": "Fri Jun 12 00:00:00 +0800 2015"
	}, {
		"volume": 105690519,
		"open": 108.26,
		"high": 121.26,
		"close": 102.58,
		"low": 94.06,
		"chg": -10.68,
		"percent": -9.43,
		"turnrate": 21.36,
		"ma5": 109.03,
		"ma10": 101.96,
		"ma20": 74.9,
		"ma30": 59.03,
		"dif": 22.07,
		"dea": 19.72,
		"macd": 4.71,
		"time": "Fri Jun 19 00:00:00 +0800 2015"
	}, {
		"volume": 60312176,
		"open": 104.06,
		"high": 106.05,
		"close": 86.11,
		"low": 86.11,
		"chg": -16.47,
		"percent": -16.06,
		"turnrate": 12.18,
		"ma5": 103.82,
		"ma10": 103.95,
		"ma20": 77.73,
		"ma30": 61.03,
		"dif": 19.76,
		"dea": 19.73,
		"macd": 0.06,
		"time": "Fri Jun 26 00:00:00 +0800 2015"
	}, {
		"volume": 120185309,
		"open": 82.26,
		"high": 89.63,
		"close": 63.62,
		"low": 63.34,
		"chg": -22.49,
		"percent": -26.12,
		"turnrate": 24.279999999999998,
		"ma5": 97.72,
		"ma10": 101.14,
		"ma20": 78.9,
		"ma30": 62.08,
		"dif": 15.92,
		"dea": 18.97,
		"macd": -6.09,
		"time": "Fri Jul 03 00:00:00 +0800 2015"
	}, {
		"volume": 191122872,
		"open": 70.06,
		"high": 81.54,
		"close": 81.54,
		"low": 56.61,
		"chg": 17.92,
		"percent": 28.17,
		"turnrate": 38.62,
		"ma5": 89.42,
		"ma10": 98.5,
		"ma20": 80.72,
		"ma30": 63.88,
		"dif": 14.16,
		"dea": 18.0,
		"macd": -7.68,
		"time": "Fri Jul 10 00:00:00 +0800 2015"
	}, {
		"volume": 124013247,
		"open": 84.26,
		"high": 94.76,
		"close": 83.64,
		"low": 68.66,
		"chg": 2.1,
		"percent": 2.58,
		"turnrate": 25.060000000000002,
		"ma5": 83.5,
		"ma10": 96.75,
		"ma20": 82.79,
		"ma30": 65.74,
		"dif": 12.79,
		"dea": 16.96,
		"macd": -8.34,
		"time": "Fri Jul 17 00:00:00 +0800 2015"
	}, {
		"volume": 84892562,
		"open": 85.26,
		"high": 89.36,
		"close": 79.37,
		"low": 78.26,
		"chg": -4.27,
		"percent": -5.11,
		"turnrate": 17.16,
		"ma5": 78.86,
		"ma10": 93.95,
		"ma20": 84.8,
		"ma30": 67.5,
		"dif": 11.23,
		"dea": 15.82,
		"macd": -9.17,
		"time": "Fri Jul 24 00:00:00 +0800 2015"
	}, {
		"volume": 75808995,
		"open": 76.26,
		"high": 78.76,
		"close": 69.69,
		"low": 64.15,
		"chg": -9.68,
		"percent": -12.2,
		"turnrate": 15.319999999999999,
		"ma5": 75.57,
		"ma10": 89.7,
		"ma20": 86.17,
		"ma30": 69.09,
		"dif": 9.11,
		"dea": 14.48,
		"macd": -10.73,
		"time": "Fri Jul 31 00:00:00 +0800 2015"
	}, {
		"volume": 42645357,
		"open": 66.26,
		"high": 71.76,
		"close": 69.53,
		"low": 65.26,
		"chg": -0.16,
		"percent": -0.23,
		"turnrate": 8.620000000000001,
		"ma5": 76.75,
		"ma10": 87.24,
		"ma20": 87.17,
		"ma30": 70.57,
		"dif": 7.33,
		"dea": 13.05,
		"macd": -11.43,
		"time": "Fri Aug 07 00:00:00 +0800 2015"
	}, {
		"volume": 56975640,
		"open": 69.53,
		"high": 77.85,
		"close": 70.8,
		"low": 68.77,
		"chg": 1.27,
		"percent": 1.83,
		"turnrate": 11.52,
		"ma5": 74.61,
		"ma10": 82.01,
		"ma20": 87.77,
		"ma30": 71.9,
		"dif": 5.96,
		"dea": 11.63,
		"macd": -11.35,
		"time": "Fri Aug 14 00:00:00 +0800 2015"
	}, {
		"volume": 69654972,
		"open": 69.75,
		"high": 74.41,
		"close": 56.91,
		"low": 56.91,
		"chg": -13.89,
		"percent": -19.62,
		"turnrate": 14.07,
		"ma5": 69.26,
		"ma10": 76.38,
		"ma20": 87.65,
		"ma30": 72.86,
		"dif": 3.7,
		"dea": 10.04,
		"macd": -12.68,
		"time": "Fri Aug 21 00:00:00 +0800 2015"
	}, {
		"volume": 48206695,
		"open": 52.29,
		"high": 54.26,
		"close": 45.23,
		"low": 37.24,
		"chg": -11.68,
		"percent": -20.52,
		"turnrate": 9.74,
		"ma5": 62.43,
		"ma10": 70.64,
		"ma20": 86.3,
		"ma30": 73.48,
		"dif": 0.96,
		"dea": 8.23,
		"macd": -14.53,
		"time": "Fri Aug 28 00:00:00 +0800 2015"
	}, {
		"volume": 30807200,
		"open": 44.11,
		"high": 44.11,
		"close": 38.05,
		"low": 34.18,
		"chg": -7.18,
		"percent": -15.87,
		"turnrate": 6.2299999999999995,
		"ma5": 56.1,
		"ma10": 65.84,
		"ma20": 84.89,
		"ma30": 73.77,
		"dif": -1.77,
		"dea": 6.23,
		"macd": -15.99,
		"time": "Wed Sep 02 00:00:00 +0800 2015"
	}, {
		"volume": 50717682,
		"open": 39.37,
		"high": 45.26,
		"close": 41.16,
		"low": 36.66,
		"chg": 3.11,
		"percent": 8.17,
		"turnrate": 10.24,
		"ma5": 50.43,
		"ma10": 63.59,
		"ma20": 82.37,
		"ma30": 73.8,
		"dif": -3.64,
		"dea": 4.25,
		"macd": -15.79,
		"time": "Fri Sep 11 00:00:00 +0800 2015"
	}, {
		"volume": 50231504,
		"open": 40.66,
		"high": 41.76,
		"close": 37.07,
		"low": 33.01,
		"chg": -4.09,
		"percent": -9.94,
		"turnrate": 10.15,
		"ma5": 43.68,
		"ma10": 59.15,
		"ma20": 78.82,
		"ma30": 73.53,
		"dif": -5.39,
		"dea": 2.32,
		"macd": -15.43,
		"time": "Fri Sep 18 00:00:00 +0800 2015"
	}, {
		"volume": 73417849,
		"open": 35.26,
		"high": 43.64,
		"close": 39.56,
		"low": 34.77,
		"chg": 2.49,
		"percent": 6.72,
		"turnrate": 14.829999999999998,
		"ma5": 40.21,
		"ma10": 54.74,
		"ma20": 75.74,
		"ma30": 73.44,
		"dif": -6.5,
		"dea": 0.56,
		"macd": -14.12,
		"time": "Fri Sep 25 00:00:00 +0800 2015"
	}, {
		"volume": 34821955,
		"open": 38.26,
		"high": 41.95,
		"close": 38.77,
		"low": 36.76,
		"chg": -0.79,
		"percent": -2.0,
		"turnrate": 7.029999999999999,
		"ma5": 38.92,
		"ma10": 50.68,
		"ma20": 72.31,
		"ma30": 73.43,
		"dif": -7.36,
		"dea": -1.03,
		"macd": -12.68,
		"time": "Wed Sep 30 00:00:00 +0800 2015"
	}, {
		"volume": 29090175,
		"open": 40.76,
		"high": 43.16,
		"close": 42.54,
		"low": 39.76,
		"chg": 3.77,
		"percent": 9.72,
		"turnrate": 5.88,
		"ma5": 39.82,
		"ma10": 47.96,
		"ma20": 68.83,
		"ma30": 73.43,
		"dif": -7.65,
		"dea": -2.35,
		"macd": -10.6,
		"time": "Fri Oct 09 00:00:00 +0800 2015"
	}, {
		"volume": 102681272,
		"open": 42.58,
		"high": 68.97,
		"close": 68.97,
		"low": 42.58,
		"chg": 26.43,
		"percent": 62.13,
		"turnrate": 20.749999999999996,
		"ma5": 45.38,
		"ma10": 47.91,
		"ma20": 67.57,
		"ma30": 74.08,
		"dif": -5.68,
		"dea": -3.02,
		"macd": -5.33,
		"time": "Fri Oct 16 00:00:00 +0800 2015"
	}, {
		"volume": 157886009,
		"open": 72.36,
		"high": 83.26,
		"close": 79.02,
		"low": 69.86,
		"chg": 10.05,
		"percent": 14.57,
		"turnrate": 31.9,
		"ma5": 53.77,
		"ma10": 48.73,
		"ma20": 65.37,
		"ma30": 74.76,
		"dif": -3.27,
		"dea": -3.07,
		"macd": -0.41,
		"time": "Fri Oct 23 00:00:00 +0800 2015"
	}, {
		"volume": 154219338,
		"open": 79.17,
		"high": 95.23,
		"close": 85.91,
		"low": 71.66,
		"chg": 6.89,
		"percent": 8.72,
		"turnrate": 31.17,
		"ma5": 63.04,
		"ma10": 51.63,
		"ma20": 64.0,
		"ma30": 75.64,
		"dif": -0.8,
		"dea": -2.61,
		"macd": 3.63,
		"time": "Fri Oct 30 00:00:00 +0800 2015"
	}, {
		"volume": 148242593,
		"open": 81.26,
		"high": 96.94,
		"close": 92.76,
		"low": 78.06,
		"chg": 6.85,
		"percent": 7.97,
		"turnrate": 29.950000000000003,
		"ma5": 73.84,
		"ma10": 56.38,
		"ma20": 63.51,
		"ma30": 76.33,
		"dif": 1.7,
		"dea": -1.75,
		"macd": 6.9,
		"time": "Fri Nov 06 00:00:00 +0800 2015"
	}, {
		"volume": 119486802,
		"open": 91.73,
		"high": 95.08,
		"close": 84.47,
		"low": 84.07,
		"chg": -8.29,
		"percent": -8.94,
		"turnrate": 24.14,
		"ma5": 82.23,
		"ma10": 61.02,
		"ma20": 63.43,
		"ma30": 76.94,
		"dif": 2.97,
		"dea": -0.81,
		"macd": 7.55,
		"time": "Fri Nov 13 00:00:00 +0800 2015"
	}, {
		"volume": 100405222,
		"open": 81.26,
		"high": 88.04,
		"close": 78.88,
		"low": 78.26,
		"chg": -5.59,
		"percent": -6.62,
		"turnrate": 20.29,
		"ma5": 84.21,
		"ma10": 64.8,
		"ma20": 64.19,
		"ma30": 76.51,
		"dif": 3.49,
		"dea": 0.05,
		"macd": 6.87,
		"time": "Fri Nov 20 00:00:00 +0800 2015"
	}, {
		"volume": 144907834,
		"open": 78.26,
		"high": 94.4,
		"close": 81.13,
		"low": 77.73,
		"chg": 2.25,
		"percent": 2.85,
		"turnrate": 29.28,
		"ma5": 84.63,
		"ma10": 69.2,
		"ma20": 64.17,
		"ma30": 75.62,
		"dif": 4.03,
		"dea": 0.85,
		"macd": 6.37,
		"time": "Fri Nov 27 00:00:00 +0800 2015"
	}, {
		"volume": 84080119,
		"open": 81.26,
		"high": 86.76,
		"close": 80.29,
		"low": 73.28,
		"chg": -0.84,
		"percent": -1.04,
		"turnrate": 16.99,
		"ma5": 83.51,
		"ma10": 73.27,
		"ma20": 64.01,
		"ma30": 74.92,
		"dif": 4.35,
		"dea": 1.55,
		"macd": 5.6,
		"time": "Fri Dec 04 00:00:00 +0800 2015"
	}, {
		"volume": 79059319,
		"open": 79.74,
		"high": 84.84,
		"close": 78.35,
		"low": 77.26,
		"chg": -1.94,
		"percent": -2.42,
		"turnrate": 15.970000000000002,
		"ma5": 80.62,
		"ma10": 77.23,
		"ma20": 63.95,
		"ma30": 73.95,
		"dif": 4.39,
		"dea": 2.12,
		"macd": 4.55,
		"time": "Fri Dec 11 00:00:00 +0800 2015"
	}, {
		"volume": 97602121,
		"open": 77.36,
		"high": 84.26,
		"close": 78.97,
		"low": 76.26,
		"chg": 0.62,
		"percent": 0.79,
		"turnrate": 19.729999999999997,
		"ma5": 79.52,
		"ma10": 80.88,
		"ma20": 64.42,
		"ma30": 72.85,
		"dif": 4.42,
		"dea": 2.58,
		"macd": 3.69,
		"time": "Fri Dec 18 00:00:00 +0800 2015"
	}, {
		"volume": 61816924,
		"open": 78.16,
		"high": 80.15,
		"close": 76.79,
		"low": 76.14,
		"chg": -2.18,
		"percent": -2.76,
		"turnrate": 12.49,
		"ma5": 79.11,
		"ma10": 81.66,
		"ma20": 64.78,
		"ma30": 72.27,
		"dif": 4.22,
		"dea": 2.91,
		"macd": 2.63,
		"time": "Fri Dec 25 00:00:00 +0800 2015"
	}, {
		"volume": 46976525,
		"open": 76.86,
		"high": 78.76,
		"close": 70.31,
		"low": 70.24,
		"chg": -6.48,
		"percent": -8.44,
		"turnrate": 9.49,
		"ma5": 76.94,
		"ma10": 80.79,
		"ma20": 64.76,
		"ma30": 70.51,
		"dif": 3.5,
		"dea": 3.03,
		"macd": 0.95,
		"time": "Thu Dec 31 00:00:00 +0800 2015"
	}, {
		"volume": 73106759,
		"open": 70.16,
		"high": 70.18,
		"close": 62.01,
		"low": 54.13,
		"chg": -8.3,
		"percent": -11.8,
		"turnrate": 14.780000000000001,
		"ma5": 73.29,
		"ma10": 78.4,
		"ma20": 65.01,
		"ma30": 68.8,
		"dif": 2.24,
		"dea": 2.87,
		"macd": -1.26,
		"time": "Fri Jan 08 00:00:00 +0800 2016"
	}, {
		"volume": 136879424,
		"open": 59.21,
		"high": 69.24,
		"close": 61.09,
		"low": 56.37,
		"chg": -0.92,
		"percent": -1.48,
		"turnrate": 27.61,
		"ma5": 69.83,
		"ma10": 75.23,
		"ma20": 65.8,
		"ma30": 67.42,
		"dif": 1.14,
		"dea": 2.52,
		"macd": -2.76,
		"time": "Fri Jan 15 00:00:00 +0800 2016"
	}, {
		"volume": 121255601,
		"open": 60.26,
		"high": 69.87,
		"close": 65.91,
		"low": 60.26,
		"chg": 4.82,
		"percent": 7.89,
		"turnrate": 24.43,
		"ma5": 67.22,
		"ma10": 73.37,
		"ma20": 67.2,
		"ma30": 66.74,
		"dif": 0.66,
		"dea": 2.15,
		"macd": -2.98,
		"time": "Fri Jan 22 00:00:00 +0800 2016"
	}, {
		"volume": 68266856,
		"open": 66.24,
		"high": 67.76,
		"close": 60.77,
		"low": 55.31,
		"chg": -5.14,
		"percent": -7.8,
		"turnrate": 13.770000000000001,
		"ma5": 64.02,
		"ma10": 71.56,
		"ma20": 68.18,
		"ma30": 66.65,
		"dif": -0.14,
		"dea": 1.69,
		"macd": -3.66,
		"time": "Fri Jan 29 00:00:00 +0800 2016"
	}, {
		"volume": 67381311,
		"open": 60.67,
		"high": 70.92,
		"close": 67.56,
		"low": 58.84,
		"chg": 6.79,
		"percent": 11.17,
		"turnrate": 13.579999999999998,
		"ma5": 63.47,
		"ma10": 70.21,
		"ma20": 69.7,
		"ma30": 66.18,
		"dif": -0.22,
		"dea": 1.31,
		"macd": -3.06,
		"time": "Fri Feb 05 00:00:00 +0800 2016"
	}, {
		"volume": 68909717,
		"open": 64.56,
		"high": 73.06,
		"close": 67.81,
		"low": 64.28,
		"chg": 0.25,
		"percent": 0.37,
		"turnrate": 13.89,
		"ma5": 64.63,
		"ma10": 68.96,
		"ma20": 71.12,
		"ma30": 65.66,
		"dif": -0.26,
		"dea": 1.0,
		"macd": -2.51,
		"time": "Fri Feb 19 00:00:00 +0800 2016"
	}, {
		"volume": 107501373,
		"open": 66.46,
		"high": 68.08,
		"close": 57.83,
		"low": 55.76,
		"chg": -9.98,
		"percent": -14.72,
		"turnrate": 21.66,
		"ma5": 63.98,
		"ma10": 66.9,
		"ma20": 72.07,
		"ma30": 64.94,
		"dif": -1.08,
		"dea": 0.58,
		"macd": -3.33,
		"time": "Fri Feb 26 00:00:00 +0800 2016"
	}, {
		"volume": 71622807,
		"open": 56.76,
		"high": 59.63,
		"close": 52.28,
		"low": 50.86,
		"chg": -5.55,
		"percent": -9.6,
		"turnrate": 14.43,
		"ma5": 61.25,
		"ma10": 64.24,
		"ma20": 72.56,
		"ma30": 64.36,
		"dif": -2.16,
		"dea": 0.03,
		"macd": -4.39,
		"time": "Fri Mar 04 00:00:00 +0800 2016"
	}, {
		"volume": 45514047,
		"open": 53.06,
		"high": 55.82,
		"close": 51.89,
		"low": 50.7,
		"chg": -0.39,
		"percent": -0.75,
		"turnrate": 9.17,
		"ma5": 59.47,
		"ma10": 61.75,
		"ma20": 71.7,
		"ma30": 63.77,
		"dif": -3.01,
		"dea": -0.58,
		"macd": -4.87,
		"time": "Fri Mar 11 00:00:00 +0800 2016"
	}, {
		"volume": 90235995,
		"open": 52.65,
		"high": 64.35,
		"close": 64.35,
		"low": 52.32,
		"chg": 12.46,
		"percent": 24.01,
		"turnrate": 18.19,
		"ma5": 58.83,
		"ma10": 61.15,
		"ma20": 70.97,
		"ma30": 63.55,
		"dif": -2.65,
		"dea": -0.99,
		"macd": -3.32,
		"time": "Fri Mar 18 00:00:00 +0800 2016"
	}, {
		"volume": 179974074,
		"open": 69.0,
		"high": 82.47,
		"close": 74.4,
		"low": 67.0,
		"chg": 10.05,
		"percent": 15.62,
		"turnrate": 36.269999999999996,
		"ma5": 60.15,
		"ma10": 62.39,
		"ma20": 70.39,
		"ma30": 64.14,
		"dif": -1.53,
		"dea": -1.1,
		"macd": -0.87,
		"time": "Fri Mar 25 00:00:00 +0800 2016"
	}, {
		"volume": 129716393,
		"open": 76.0,
		"high": 80.51,
		"close": 74.2,
		"low": 71.01,
		"chg": -0.2,
		"percent": -0.27,
		"turnrate": 26.159999999999997,
		"ma5": 63.42,
		"ma10": 63.7,
		"ma20": 69.46,
		"ma30": 65.1,
		"dif": -0.66,
		"dea": -1.01,
		"macd": 0.71,
		"time": "Fri Apr 01 00:00:00 +0800 2016"
	}, {
		"volume": 63893267,
		"open": 74.99,
		"high": 81.37,
		"close": 73.33,
		"low": 71.01,
		"chg": -0.87,
		"percent": -1.17,
		"turnrate": 12.87,
		"ma5": 67.63,
		"ma10": 64.44,
		"ma20": 68.91,
		"ma30": 66.28,
		"dif": -0.03,
		"dea": -0.81,
		"macd": 1.56,
		"time": "Fri Apr 08 00:00:00 +0800 2016"
	}, {
		"volume": 98755305,
		"open": 75.11,
		"high": 81.56,
		"close": 78.76,
		"low": 71.37,
		"chg": 5.43,
		"percent": 7.4,
		"turnrate": 19.910000000000004,
		"ma5": 73.01,
		"ma10": 66.24,
		"ma20": 68.9,
		"ma30": 67.53,
		"dif": 0.89,
		"dea": -0.47,
		"macd": 2.73,
		"time": "Fri Apr 15 00:00:00 +0800 2016"
	}, {
		"volume": 65226591,
		"open": 76.0,
		"high": 79.7,
		"close": 74.09,
		"low": 70.5,
		"chg": -4.67,
		"percent": -5.93,
		"turnrate": 13.149999999999999,
		"ma5": 74.96,
		"ma10": 66.89,
		"ma20": 68.55,
		"ma30": 68.77,
		"dif": 1.23,
		"dea": -0.13,
		"macd": 2.73,
		"time": "Fri Apr 22 00:00:00 +0800 2016"
	}, {
		"volume": 47435292,
		"open": 73.1,
		"high": 78.0,
		"close": 76.62,
		"low": 71.92,
		"chg": 2.53,
		"percent": 3.41,
		"turnrate": 11.08,
		"ma5": 75.4,
		"ma10": 67.78,
		"ma20": 68.37,
		"ma30": 70.0,
		"dif": 1.68,
		"dea": 0.23,
		"macd": 2.91,
		"time": "Fri Apr 29 00:00:00 +0800 2016"
	}, {
		"volume": 51630846,
		"open": 76.02,
		"high": 84.0,
		"close": 77.58,
		"low": 75.79,
		"chg": 0.96,
		"percent": 1.25,
		"turnrate": 10.3965,
		"ma5": 76.08,
		"ma10": 69.75,
		"ma20": 68.33,
		"ma30": 71.3,
		"dif": 2.1,
		"dea": 0.6,
		"macd": 2.99,
		"time": "Fri May 06 00:00:00 +0800 2016"
	}, {
		"volume": 43754454,
		"open": 76.0,
		"high": 76.5,
		"close": 72.79,
		"low": 70.9,
		"chg": -4.79,
		"percent": -6.17,
		"turnrate": 8.818399999999999,
		"ma5": 75.97,
		"ma10": 71.8,
		"ma20": 68.02,
		"ma30": 72.3,
		"dif": 2.01,
		"dea": 0.89,
		"macd": 2.26,
		"time": "Fri May 13 00:00:00 +0800 2016"
	}, {
		"volume": 56770925,
		"open": 72.5,
		"high": 78.55,
		"close": 74.11,
		"low": 71.68,
		"chg": 1.32,
		"percent": 1.81,
		"turnrate": 11.4419,
		"ma5": 75.04,
		"ma10": 74.02,
		"ma20": 67.88,
		"ma30": 72.48,
		"dif": 2.03,
		"dea": 1.12,
		"macd": 1.84,
		"time": "Fri May 20 00:00:00 +0800 2016"
	}, {
		"volume": 45503699,
		"open": 74.14,
		"high": 77.6,
		"close": 74.08,
		"low": 72.5,
		"chg": -0.03,
		"percent": -0.04,
		"turnrate": 9.171,
		"ma5": 75.04,
		"ma10": 75.0,
		"ma20": 68.07,
		"ma30": 72.31,
		"dif": 2.02,
		"dea": 1.3,
		"macd": 1.45,
		"time": "Fri May 27 00:00:00 +0800 2016"
	}, {
		"volume": 81911030,
		"open": 74.0,
		"high": 87.88,
		"close": 82.45,
		"low": 72.8,
		"chg": 8.37,
		"percent": 11.3,
		"turnrate": 16.5086,
		"ma5": 76.2,
		"ma10": 75.8,
		"ma20": 69.1,
		"ma30": 72.2,
		"dif": 2.66,
		"dea": 1.57,
		"macd": 2.18,
		"time": "Fri Jun 03 00:00:00 +0800 2016"
	}, {
		"volume": 34405427,
		"open": 82.5,
		"high": 86.5,
		"close": 80.71,
		"low": 79.5,
		"chg": -1.74,
		"percent": -2.11,
		"turnrate": 8.5931,
		"ma5": 76.83,
		"ma10": 76.45,
		"ma20": 70.08,
		"ma30": 71.79,
		"dif": 2.99,
		"dea": 1.85,
		"macd": 2.27,
		"time": "Wed Jun 08 00:00:00 +0800 2016"
	}, {
		"volume": 49126908,
		"open": 79.01,
		"high": 80.99,
		"close": 77.42,
		"low": 74.5,
		"chg": -3.29,
		"percent": -4.08,
		"turnrate": 9.901200000000001,
		"ma5": 77.75,
		"ma10": 76.86,
		"ma20": 70.65,
		"ma30": 71.56,
		"dif": 2.95,
		"dea": 2.07,
		"macd": 1.75,
		"time": "Fri Jun 17 00:00:00 +0800 2016"
	}, {
		"volume": 45153878,
		"open": 76.26,
		"high": 80.38,
		"close": 76.54,
		"low": 73.88,
		"chg": -0.88,
		"percent": -1.14,
		"turnrate": 9.1004,
		"ma5": 78.24,
		"ma10": 76.64,
		"ma20": 71.44,
		"ma30": 71.48,
		"dif": 2.81,
		"dea": 2.22,
		"macd": 1.19,
		"time": "Fri Jun 24 00:00:00 +0800 2016"
	}, {
		"volume": 55960573,
		"open": 75.6,
		"high": 83.5,
		"close": 79.3,
		"low": 75.5,
		"chg": 2.76,
		"percent": 3.61,
		"turnrate": 11.2785,
		"ma5": 79.28,
		"ma10": 77.16,
		"ma20": 72.03,
		"ma30": 71.42,
		"dif": 2.9,
		"dea": 2.35,
		"macd": 1.08,
		"time": "Fri Jul 01 00:00:00 +0800 2016"
	}, {
		"volume": 52261646,
		"open": 78.84,
		"high": 87.23,
		"close": 80.7,
		"low": 78.5,
		"chg": 1.4,
		"percent": 1.77,
		"turnrate": 10.533000000000001,
		"ma5": 78.93,
		"ma10": 77.57,
		"ma20": 72.67,
		"ma30": 71.43,
		"dif": 3.04,
		"dea": 2.49,
		"macd": 1.1,
		"time": "Fri Jul 08 00:00:00 +0800 2016"
	}, {
		"volume": 43065454,
		"open": 80.0,
		"high": 82.0,
		"close": 78.54,
		"low": 77.66,
		"chg": -2.16,
		"percent": -2.68,
		"turnrate": 8.6796,
		"ma5": 78.5,
		"ma10": 77.66,
		"ma20": 73.71,
		"ma30": 71.44,
		"dif": 2.95,
		"dea": 2.58,
		"macd": 0.73,
		"time": "Fri Jul 15 00:00:00 +0800 2016"
	}, {
		"volume": 34136717,
		"open": 78.35,
		"high": 81.98,
		"close": 78.69,
		"low": 77.1,
		"chg": 0.15,
		"percent": 0.19,
		"turnrate": 6.88,
		"ma5": 78.75,
		"ma10": 78.25,
		"ma20": 75.03,
		"ma30": 71.43,
		"dif": 2.85,
		"dea": 2.64,
		"macd": 0.43,
		"time": "Fri Jul 22 00:00:00 +0800 2016"
	}, {
		"volume": 44106445,
		"open": 78.85,
		"high": 79.46,
		"close": 68.05,
		"low": 67.03,
		"chg": -10.64,
		"percent": -13.52,
		"turnrate": 8.8893,
		"ma5": 77.06,
		"ma10": 77.65,
		"ma20": 75.84,
		"ma30": 71.14,
		"dif": 1.89,
		"dea": 2.49,
		"macd": -1.19,
		"time": "Fri Jul 29 00:00:00 +0800 2016"
	}, {
		"volume": 29710638,
		"open": 67.7,
		"high": 68.8,
		"close": 67.37,
		"low": 65.13,
		"chg": -0.68,
		"percent": -1.0,
		"turnrate": 5.9879,
		"ma5": 74.67,
		"ma10": 76.98,
		"ma20": 75.99,
		"ma30": 71.04,
		"dif": 1.07,
		"dea": 2.2,
		"macd": -2.27,
		"time": "Fri Aug 05 00:00:00 +0800 2016"
	}, {
		"volume": 27539038,
		"open": 66.9,
		"high": 69.87,
		"close": 67.97,
		"low": 65.53,
		"chg": 0.6,
		"percent": 0.89,
		"turnrate": 5.550199999999999,
		"ma5": 72.12,
		"ma10": 75.53,
		"ma20": 75.66,
		"ma30": 71.24,
		"dif": 0.46,
		"dea": 1.85,
		"macd": -2.79,
		"time": "Fri Aug 12 00:00:00 +0800 2016"
	}, {
		"volume": 48676342,
		"open": 68.2,
		"high": 74.42,
		"close": 70.6,
		"low": 67.21,
		"chg": 2.63,
		"percent": 3.87,
		"turnrate": 9.810299999999998,
		"ma5": 70.54,
		"ma10": 74.52,
		"ma20": 75.49,
		"ma30": 71.56,
		"dif": 0.18,
		"dea": 1.52,
		"macd": -2.67,
		"time": "Fri Aug 19 00:00:00 +0800 2016"
	}, {
		"volume": 22236403,
		"open": 70.75,
		"high": 71.89,
		"close": 68.49,
		"low": 67.8,
		"chg": -2.11,
		"percent": -2.99,
		"turnrate": 4.4816,
		"ma5": 68.5,
		"ma10": 73.63,
		"ma20": 75.24,
		"ma30": 71.64,
		"dif": -0.2,
		"dea": 1.18,
		"macd": -2.75,
		"time": "Fri Aug 26 00:00:00 +0800 2016"
	}, {
		"volume": 9398670,
		"open": 68.21,
		"high": 68.8,
		"close": 68.35,
		"low": 67.2,
		"chg": -0.14,
		"percent": -0.2,
		"turnrate": 2.2489999999999997,
		"ma5": 68.56,
		"ma10": 72.81,
		"ma20": 74.72,
		"ma30": 71.9,
		"dif": -0.51,
		"dea": 0.84,
		"macd": -2.7,
		"time": "Wed Aug 31 00:00:00 +0800 2016"
	}]
}