{
	"stock": {
		"symbol": "SZ300033"
	},
	"success": "true",
	"chartlist": [{
		"volume": 13892636,
		"open": 78.16,
		"high": 78.55,
		"close": 77.94,
		"low": 77.03,
		"chg": -1.03,
		"percent": -1.3,
		"turnrate": 2.81,
		"ma5": 79.804,
		"ma10": 79.39,
		"ma20": 80.869,
		"ma30": 82.093,
		"dif": -0.12,
		"dea": 0.35,
		"macd": -0.94,
		"time": "Mon Dec 21 00:00:00 +0800 2015"
	}, {
		"volume": 10747779,
		"open": 78.31,
		"high": 80.15,
		"close": 78.7,
		"low": 78.03,
		"chg": 0.76,
		"percent": 0.98,
		"turnrate": 2.17,
		"ma5": 79.736,
		"ma10": 79.446,
		"ma20": 80.691,
		"ma30": 81.692,
		"dif": -0.21,
		"dea": 0.24,
		"macd": -0.9,
		"time": "Tue Dec 22 00:00:00 +0800 2015"
	}, {
		"volume": 14065902,
		"open": 78.96,
		"high": 79.25,
		"close": 76.44,
		"low": 76.17,
		"chg": -2.26,
		"percent": -2.87,
		"turnrate": 2.84,
		"ma5": 78.878,
		"ma10": 79.218,
		"ma20": 79.984,
		"ma30": 81.253,
		"dif": -0.46,
		"dea": 0.1,
		"macd": -1.12,
		"time": "Wed Dec 23 00:00:00 +0800 2015"
	}, {
		"volume": 12432599,
		"open": 76.92,
		"high": 78.74,
		"close": 78.65,
		"low": 76.14,
		"chg": 2.21,
		"percent": 2.89,
		"turnrate": 2.51,
		"ma5": 78.14,
		"ma10": 79.037,
		"ma20": 79.638,
		"ma30": 80.857,
		"dif": -0.47,
		"dea": -0.02,
		"macd": -0.9,
		"time": "Thu Dec 24 00:00:00 +0800 2015"
	}, {
		"volume": 10678008,
		"open": 78.76,
		"high": 78.84,
		"close": 76.79,
		"low": 76.26,
		"chg": -1.86,
		"percent": -2.36,
		"turnrate": 2.16,
		"ma5": 77.704,
		"ma10": 78.881,
		"ma20": 79.421,
		"ma30": 80.601,
		"dif": -0.62,
		"dea": -0.14,
		"macd": -0.96,
		"time": "Fri Dec 25 00:00:00 +0800 2015"
	}, {
		"volume": 15300110,
		"open": 76.86,
		"high": 78.76,
		"close": 75.42,
		"low": 75.27,
		"chg": -1.37,
		"percent": -1.78,
		"turnrate": 3.09,
		"ma5": 77.2,
		"ma10": 78.502,
		"ma20": 79.179,
		"ma30": 80.201,
		"dif": -0.84,
		"dea": -0.28,
		"macd": -1.12,
		"time": "Mon Dec 28 00:00:00 +0800 2015"
	}, {
		"volume": 11164917,
		"open": 75.21,
		"high": 75.72,
		"close": 73.71,
		"low": 73.01,
		"chg": -1.71,
		"percent": -2.27,
		"turnrate": 2.26,
		"ma5": 76.202,
		"ma10": 77.969,
		"ma20": 78.912,
		"ma30": 79.916,
		"dif": -1.14,
		"dea": -0.45,
		"macd": -1.38,
		"time": "Tue Dec 29 00:00:00 +0800 2015"
	}, {
		"volume": 8418477,
		"open": 74.06,
		"high": 75.46,
		"close": 74.18,
		"low": 73.71,
		"chg": 0.47,
		"percent": 0.64,
		"turnrate": 1.7,
		"ma5": 75.75,
		"ma10": 77.314,
		"ma20": 78.66,
		"ma30": 79.746,
		"dif": -1.33,
		"dea": -0.63,
		"macd": -1.4,
		"time": "Wed Dec 30 00:00:00 +0800 2015"
	}, {
		"volume": 12093021,
		"open": 73.83,
		"high": 74.46,
		"close": 70.31,
		"low": 70.24,
		"chg": -3.87,
		"percent": -5.22,
		"turnrate": 2.44,
		"ma5": 74.082,
		"ma10": 76.111,
		"ma20": 77.983,
		"ma30": 79.383,
		"dif": -1.77,
		"dea": -0.85,
		"macd": -1.84,
		"time": "Thu Dec 31 00:00:00 +0800 2015"
	}, {
		"volume": 10617245,
		"open": 70.16,
		"high": 70.18,
		"close": 63.21,
		"low": 63.21,
		"chg": -7.1,
		"percent": -10.1,
		"turnrate": 2.15,
		"ma5": 71.366,
		"ma10": 74.535,
		"ma20": 77.129,
		"ma30": 78.861,
		"dif": -2.66,
		"dea": -1.22,
		"macd": -2.88,
		"time": "Mon Jan 04 00:00:00 +0800 2016"
	}, {
		"volume": 14809855,
		"open": 57.77,
		"high": 61.76,
		"close": 58.88,
		"low": 56.82,
		"chg": -4.33,
		"percent": -6.85,
		"turnrate": 2.99,
		"ma5": 68.058,
		"ma10": 72.629,
		"ma20": 76.01,
		"ma30": 78.122,
		"dif": -3.67,
		"dea": -1.71,
		"macd": -3.92,
		"time": "Tue Jan 05 00:00:00 +0800 2016"
	}, {
		"volume": 20985252,
		"open": 60.08,
		"high": 64.84,
		"close": 64.84,
		"low": 58.77,
		"chg": 5.96,
		"percent": 10.12,
		"turnrate": 4.24,
		"ma5": 66.284,
		"ma10": 71.243,
		"ma20": 75.345,
		"ma30": 77.541,
		"dif": -3.94,
		"dea": -2.15,
		"macd": -3.58,
		"time": "Wed Jan 06 00:00:00 +0800 2016"
	}, {
		"volume": 4982948,
		"open": 62.26,
		"high": 63.11,
		"close": 58.28,
		"low": 58.28,
		"chg": -6.56,
		"percent": -10.12,
		"turnrate": 1.01,
		"ma5": 63.104,
		"ma10": 69.427,
		"ma20": 74.323,
		"ma30": 76.465,
		"dif": -4.64,
		"dea": -2.65,
		"macd": -3.98,
		"time": "Thu Jan 07 00:00:00 +0800 2016"
	}, {
		"volume": 21711459,
		"open": 58.63,
		"high": 63.85,
		"close": 62.01,
		"low": 54.13,
		"chg": 3.73,
		"percent": 6.4,
		"turnrate": 4.39,
		"ma5": 61.444,
		"ma10": 67.763,
		"ma20": 73.4,
		"ma30": 75.679,
		"dif": -4.83,
		"dea": -3.09,
		"macd": -3.48,
		"time": "Fri Jan 08 00:00:00 +0800 2016"
	}, {
		"volume": 30660314,
		"open": 59.21,
		"high": 68.29,
		"close": 64.28,
		"low": 58.26,
		"chg": 2.27,
		"percent": 3.66,
		"turnrate": 6.2,
		"ma5": 61.658,
		"ma10": 66.512,
		"ma20": 72.697,
		"ma30": 75.118,
		"dif": -4.75,
		"dea": -3.42,
		"macd": -2.66,
		"time": "Mon Jan 11 00:00:00 +0800 2016"
	}, {
		"volume": 29322347,
		"open": 66.26,
		"high": 69.24,
		"close": 65.56,
		"low": 64.26,
		"chg": 1.28,
		"percent": 1.99,
		"turnrate": 5.91,
		"ma5": 62.994,
		"ma10": 65.526,
		"ma20": 72.014,
		"ma30": 74.628,
		"dif": -4.53,
		"dea": -3.64,
		"macd": -1.78,
		"time": "Tue Jan 12 00:00:00 +0800 2016"
	}, {
		"volume": 23720848,
		"open": 64.11,
		"high": 64.66,
		"close": 59.32,
		"low": 59.26,
		"chg": -6.24,
		"percent": -9.52,
		"turnrate": 4.78,
		"ma5": 61.89,
		"ma10": 64.087,
		"ma20": 71.028,
		"ma30": 73.97,
		"dif": -4.8,
		"dea": -3.87,
		"macd": -1.86,
		"time": "Wed Jan 13 00:00:00 +0800 2016"
	}, {
		"volume": 30156450,
		"open": 56.37,
		"high": 65.33,
		"close": 65.08,
		"low": 56.37,
		"chg": 5.76,
		"percent": 9.71,
		"turnrate": 6.08,
		"ma5": 63.25,
		"ma10": 63.177,
		"ma20": 70.245,
		"ma30": 73.499,
		"dif": -4.5,
		"dea": -4.0,
		"macd": -1.0,
		"time": "Thu Jan 14 00:00:00 +0800 2016"
	}, {
		"volume": 23019465,
		"open": 63.26,
		"high": 63.9,
		"close": 61.09,
		"low": 60.26,
		"chg": -3.99,
		"percent": -6.13,
		"turnrate": 4.64,
		"ma5": 63.066,
		"ma10": 62.255,
		"ma20": 69.183,
		"ma30": 72.74,
		"dif": -4.53,
		"dea": -4.1,
		"macd": -0.86,
		"time": "Fri Jan 15 00:00:00 +0800 2016"
	}, {
		"volume": 22019834,
		"open": 60.26,
		"high": 65.18,
		"close": 63.46,
		"low": 60.26,
		"chg": 2.37,
		"percent": 3.88,
		"turnrate": 4.44,
		"ma5": 62.902,
		"ma10": 62.28,
		"ma20": 68.408,
		"ma30": 72.179,
		"dif": -4.31,
		"dea": -4.15,
		"macd": -0.32,
		"time": "Mon Jan 18 00:00:00 +0800 2016"
	}, {
		"volume": 35929555,
		"open": 66.26,
		"high": 69.87,
		"close": 69.28,
		"low": 64.29,
		"chg": 5.82,
		"percent": 9.17,
		"turnrate": 7.24,
		"ma5": 63.646,
		"ma10": 63.32,
		"ma20": 67.974,
		"ma30": 71.78,
		"dif": -3.63,
		"dea": -4.04,
		"macd": 0.82,
		"time": "Tue Jan 19 00:00:00 +0800 2016"
	}, {
		"volume": 23676769,
		"open": 67.16,
		"high": 69.16,
		"close": 66.73,
		"low": 66.14,
		"chg": -2.55,
		"percent": -3.68,
		"turnrate": 4.77,
		"ma5": 65.128,
		"ma10": 63.509,
		"ma20": 67.376,
		"ma30": 71.399,
		"dif": -3.26,
		"dea": -3.89,
		"macd": 1.26,
		"time": "Wed Jan 20 00:00:00 +0800 2016"
	}, {
		"volume": 22047880,
		"open": 65.35,
		"high": 69.36,
		"close": 65.75,
		"low": 65.35,
		"chg": -0.98,
		"percent": -1.47,
		"turnrate": 4.44,
		"ma5": 65.262,
		"ma10": 64.256,
		"ma20": 66.842,
		"ma30": 70.967,
		"dif": -3.01,
		"dea": -3.71,
		"macd": 1.4,
		"time": "Thu Jan 21 00:00:00 +0800 2016"
	}, {
		"volume": 17581563,
		"open": 66.88,
		"high": 67.25,
		"close": 65.91,
		"low": 62.26,
		"chg": 0.16,
		"percent": 0.24,
		"turnrate": 3.54,
		"ma5": 66.226,
		"ma10": 64.646,
		"ma20": 66.205,
		"ma30": 70.482,
		"dif": -2.76,
		"dea": -3.52,
		"macd": 1.52,
		"time": "Fri Jan 22 00:00:00 +0800 2016"
	}, {
		"volume": 10709254,
		"open": 66.24,
		"high": 67.76,
		"close": 66.07,
		"low": 64.61,
		"chg": 0.16,
		"percent": 0.24,
		"turnrate": 2.16,
		"ma5": 66.748,
		"ma10": 64.825,
		"ma20": 65.669,
		"ma30": 70.073,
		"dif": -2.53,
		"dea": -3.32,
		"macd": 1.58,
		"time": "Mon Jan 25 00:00:00 +0800 2016"
	}, {
		"volume": 14280310,
		"open": 64.81,
		"high": 64.84,
		"close": 59.39,
		"low": 59.39,
		"chg": -6.68,
		"percent": -10.11,
		"turnrate": 2.88,
		"ma5": 64.77,
		"ma10": 64.208,
		"ma20": 64.867,
		"ma30": 69.412,
		"dif": -2.85,
		"dea": -3.23,
		"macd": 0.76,
		"time": "Tue Jan 26 00:00:00 +0800 2016"
	}, {
		"volume": 18198657,
		"open": 59.31,
		"high": 63.04,
		"close": 61.82,
		"low": 55.31,
		"chg": 2.43,
		"percent": 4.09,
		"turnrate": 3.67,
		"ma5": 63.788,
		"ma10": 64.458,
		"ma20": 64.273,
		"ma30": 68.838,
		"dif": -2.87,
		"dea": -3.16,
		"macd": 0.58,
		"time": "Wed Jan 27 00:00:00 +0800 2016"
	}, {
		"volume": 11388490,
		"open": 60.06,
		"high": 61.46,
		"close": 58.08,
		"low": 57.26,
		"chg": -3.74,
		"percent": -6.05,
		"turnrate": 2.3,
		"ma5": 62.254,
		"ma10": 63.758,
		"ma20": 63.467,
		"ma30": 68.083,
		"dif": -3.15,
		"dea": -3.16,
		"macd": 0.02,
		"time": "Thu Jan 28 00:00:00 +0800 2016"
	}, {
		"volume": 13690145,
		"open": 58.41,
		"high": 62.06,
		"close": 60.77,
		"low": 58.38,
		"chg": 2.69,
		"percent": 4.63,
		"turnrate": 2.76,
		"ma5": 61.226,
		"ma10": 63.726,
		"ma20": 62.991,
		"ma30": 67.364,
		"dif": -3.13,
		"dea": -3.15,
		"macd": 0.04,
		"time": "Fri Jan 29 00:00:00 +0800 2016"
	}, {
		"volume": 9638740,
		"open": 60.67,
		"high": 60.72,
		"close": 60.01,
		"low": 58.84,
		"chg": -0.76,
		"percent": -1.25,
		"turnrate": 1.94,
		"ma5": 60.014,
		"ma10": 63.381,
		"ma20": 62.83,
		"ma30": 66.732,
		"dif": -3.13,
		"dea": -3.15,
		"macd": 0.04,
		"time": "Mon Feb 01 00:00:00 +0800 2016"
	}, {
		"volume": 14482792,
		"open": 60.37,
		"high": 65.26,
		"close": 63.56,
		"low": 60.37,
		"chg": 3.55,
		"percent": 5.92,
		"turnrate": 2.92,
		"ma5": 60.848,
		"ma10": 62.809,
		"ma20": 63.064,
		"ma30": 66.253,
		"dif": -2.81,
		"dea": -3.08,
		"macd": 0.54,
		"time": "Tue Feb 02 00:00:00 +0800 2016"
	}, {
		"volume": 10918764,
		"open": 62.56,
		"high": 64.76,
		"close": 64.26,
		"low": 62.11,
		"chg": 0.7,
		"percent": 1.1,
		"turnrate": 2.2,
		"ma5": 61.336,
		"ma10": 62.562,
		"ma20": 63.036,
		"ma30": 65.771,
		"dif": -2.48,
		"dea": -2.96,
		"macd": 0.96,
		"time": "Wed Feb 03 00:00:00 +0800 2016"
	}, {
		"volume": 14878413,
		"open": 64.59,
		"high": 68.86,
		"close": 66.61,
		"low": 64.59,
		"chg": 2.35,
		"percent": 3.66,
		"turnrate": 3.0,
		"ma5": 63.042,
		"ma10": 62.648,
		"ma20": 63.452,
		"ma30": 65.444,
		"dif": -2.0,
		"dea": -2.77,
		"macd": 1.54,
		"time": "Thu Feb 04 00:00:00 +0800 2016"
	}, {
		"volume": 17462602,
		"open": 65.26,
		"high": 70.92,
		"close": 67.56,
		"low": 65.26,
		"chg": 0.95,
		"percent": 1.43,
		"turnrate": 3.52,
		"ma5": 64.4,
		"ma10": 62.813,
		"ma20": 63.729,
		"ma30": 65.074,
		"dif": -1.53,
		"dea": -2.52,
		"macd": 1.98,
		"time": "Fri Feb 05 00:00:00 +0800 2016"
	}, {
		"volume": 9897176,
		"open": 64.56,
		"high": 68.21,
		"close": 67.71,
		"low": 64.28,
		"chg": 0.15,
		"percent": 0.22,
		"turnrate": 1.99,
		"ma5": 65.94,
		"ma10": 62.977,
		"ma20": 63.901,
		"ma30": 64.771,
		"dif": -1.13,
		"dea": -2.24,
		"macd": 2.22,
		"time": "Mon Feb 15 00:00:00 +0800 2016"
	}, {
		"volume": 16945179,
		"open": 68.47,
		"high": 72.45,
		"close": 71.76,
		"low": 68.46,
		"chg": 4.05,
		"percent": 5.98,
		"turnrate": 3.42,
		"ma5": 67.58,
		"ma10": 64.214,
		"ma20": 64.211,
		"ma30": 64.649,
		"dif": -0.48,
		"dea": -1.89,
		"macd": 2.82,
		"time": "Tue Feb 16 00:00:00 +0800 2016"
	}, {
		"volume": 13381614,
		"open": 70.64,
		"high": 71.46,
		"close": 70.75,
		"low": 68.97,
		"chg": -1.01,
		"percent": -1.41,
		"turnrate": 2.7,
		"ma5": 68.878,
		"ma10": 65.107,
		"ma20": 64.783,
		"ma30": 64.551,
		"dif": -0.04,
		"dea": -1.52,
		"macd": 2.96,
		"time": "Wed Feb 17 00:00:00 +0800 2016"
	}, {
		"volume": 17316409,
		"open": 70.76,
		"high": 73.06,
		"close": 68.36,
		"low": 68.16,
		"chg": -2.39,
		"percent": -3.38,
		"turnrate": 3.49,
		"ma5": 69.228,
		"ma10": 66.135,
		"ma20": 64.947,
		"ma30": 64.357,
		"dif": 0.11,
		"dea": -1.19,
		"macd": 2.6,
		"time": "Thu Feb 18 00:00:00 +0800 2016"
	}, {
		"volume": 11369339,
		"open": 67.57,
		"high": 69.11,
		"close": 67.81,
		"low": 67.14,
		"chg": -0.55,
		"percent": -0.8,
		"turnrate": 2.29,
		"ma5": 69.278,
		"ma10": 66.839,
		"ma20": 65.283,
		"ma30": 64.273,
		"dif": 0.18,
		"dea": -0.92,
		"macd": 2.2,
		"time": "Fri Feb 19 00:00:00 +0800 2016"
	}, {
		"volume": 33026472,
		"open": 66.46,
		"high": 68.08,
		"close": 65.22,
		"low": 62.26,
		"chg": -2.59,
		"percent": -3.82,
		"turnrate": 6.66,
		"ma5": 68.78,
		"ma10": 67.36,
		"ma20": 65.37,
		"ma30": 64.34,
		"dif": 0.03,
		"dea": -0.73,
		"macd": 1.52,
		"time": "Mon Feb 22 00:00:00 +0800 2016"
	}, {
		"volume": 23632124,
		"open": 64.25,
		"high": 64.26,
		"close": 61.8,
		"low": 59.96,
		"chg": -3.42,
		"percent": -5.24,
		"turnrate": 4.76,
		"ma5": 66.788,
		"ma10": 67.184,
		"ma20": 64.997,
		"ma30": 64.438,
		"dif": -0.37,
		"dea": -0.66,
		"macd": 0.58,
		"time": "Tue Feb 23 00:00:00 +0800 2016"
	}, {
		"volume": 17452161,
		"open": 60.76,
		"high": 63.8,
		"close": 63.36,
		"low": 60.36,
		"chg": 1.56,
		"percent": 2.52,
		"turnrate": 3.52,
		"ma5": 65.31,
		"ma10": 67.094,
		"ma20": 64.828,
		"ma30": 64.388,
		"dif": -0.54,
		"dea": -0.63,
		"macd": 0.18,
		"time": "Wed Feb 24 00:00:00 +0800 2016"
	}, {
		"volume": 20416155,
		"open": 62.27,
		"high": 62.73,
		"close": 57.53,
		"low": 56.95,
		"chg": -5.83,
		"percent": -9.2,
		"turnrate": 4.11,
		"ma5": 63.144,
		"ma10": 66.186,
		"ma20": 64.417,
		"ma30": 64.363,
		"dif": -1.14,
		"dea": -0.74,
		"macd": -0.8,
		"time": "Thu Feb 25 00:00:00 +0800 2016"
	}, {
		"volume": 12974461,
		"open": 58.07,
		"high": 59.26,
		"close": 57.83,
		"low": 55.76,
		"chg": 0.3,
		"percent": 0.52,
		"turnrate": 2.61,
		"ma5": 61.148,
		"ma10": 65.213,
		"ma20": 64.013,
		"ma30": 64.224,
		"dif": -1.58,
		"dea": -0.9,
		"macd": -1.36,
		"time": "Fri Feb 26 00:00:00 +0800 2016"
	}, {
		"volume": 12747140,
		"open": 56.76,
		"high": 57.76,
		"close": 51.97,
		"low": 51.97,
		"chg": -5.86,
		"percent": -10.13,
		"turnrate": 2.57,
		"ma5": 58.498,
		"ma10": 63.639,
		"ma20": 63.308,
		"ma30": 63.814,
		"dif": -2.36,
		"dea": -1.2,
		"macd": -2.32,
		"time": "Mon Feb 29 00:00:00 +0800 2016"
	}, {
		"volume": 13559677,
		"open": 51.97,
		"high": 54.95,
		"close": 54.76,
		"low": 50.86,
		"chg": 2.79,
		"percent": 5.37,
		"turnrate": 2.73,
		"ma5": 57.09,
		"ma10": 61.939,
		"ma20": 63.076,
		"ma30": 63.454,
		"dif": -2.73,
		"dea": -1.5,
		"macd": -2.46,
		"time": "Tue Mar 01 00:00:00 +0800 2016"
	}, {
		"volume": 15497101,
		"open": 53.76,
		"high": 56.96,
		"close": 56.24,
		"low": 53.29,
		"chg": 1.48,
		"percent": 2.7,
		"turnrate": 3.12,
		"ma5": 55.666,
		"ma10": 60.488,
		"ma20": 62.798,
		"ma30": 63.351,
		"dif": -2.87,
		"dea": -1.78,
		"macd": -2.18,
		"time": "Wed Mar 02 00:00:00 +0800 2016"
	}, {
		"volume": 16405759,
		"open": 56.26,
		"high": 59.63,
		"close": 56.36,
		"low": 55.36,
		"chg": 0.12,
		"percent": 0.21,
		"turnrate": 3.31,
		"ma5": 55.432,
		"ma10": 59.288,
		"ma20": 62.712,
		"ma30": 63.06,
		"dif": -2.94,
		"dea": -2.01,
		"macd": -1.86,
		"time": "Thu Mar 03 00:00:00 +0800 2016"
	}, {
		"volume": 13413130,
		"open": 55.51,
		"high": 56.06,
		"close": 52.28,
		"low": 51.58,
		"chg": -4.08,
		"percent": -7.24,
		"turnrate": 2.7,
		"ma5": 54.322,
		"ma10": 57.735,
		"ma20": 62.287,
		"ma30": 62.767,
		"dif": -3.28,
		"dea": -2.26,
		"macd": -2.04,
		"time": "Fri Mar 04 00:00:00 +0800 2016"
	}, {
		"volume": 11081203,
		"open": 53.06,
		"high": 55.82,
		"close": 53.79,
		"low": 53.06,
		"chg": 1.51,
		"percent": 2.89,
		"turnrate": 2.23,
		"ma5": 54.686,
		"ma10": 56.592,
		"ma20": 61.976,
		"ma30": 62.444,
		"dif": -3.39,
		"dea": -2.49,
		"macd": -1.8,
		"time": "Mon Mar 07 00:00:00 +0800 2016"
	}, {
		"volume": 12799676,
		"open": 53.01,
		"high": 55.24,
		"close": 54.59,
		"low": 50.7,
		"chg": 0.8,
		"percent": 1.49,
		"turnrate": 2.58,
		"ma5": 54.652,
		"ma10": 55.871,
		"ma20": 61.527,
		"ma30": 61.955,
		"dif": -3.38,
		"dea": -2.67,
		"macd": -1.42,
		"time": "Tue Mar 08 00:00:00 +0800 2016"
	}, {
		"volume": 6575287,
		"open": 53.06,
		"high": 54.4,
		"close": 52.97,
		"low": 52.59,
		"chg": -1.62,
		"percent": -2.97,
		"turnrate": 1.33,
		"ma5": 53.998,
		"ma10": 54.832,
		"ma20": 60.963,
		"ma30": 61.496,
		"dif": -3.46,
		"dea": -2.83,
		"macd": -1.26,
		"time": "Wed Mar 09 00:00:00 +0800 2016"
	}, {
		"volume": 7455883,
		"open": 53.35,
		"high": 54.64,
		"close": 52.81,
		"low": 52.26,
		"chg": -0.16,
		"percent": -0.3,
		"turnrate": 1.5,
		"ma5": 53.288,
		"ma10": 54.36,
		"ma20": 60.273,
		"ma30": 61.065,
		"dif": -3.49,
		"dea": -2.96,
		"macd": -1.06,
		"time": "Thu Mar 10 00:00:00 +0800 2016"
	}, {
		"volume": 7601998,
		"open": 52.6,
		"high": 52.6,
		"close": 51.89,
		"low": 50.9,
		"chg": -0.92,
		"percent": -1.74,
		"turnrate": 1.53,
		"ma5": 53.21,
		"ma10": 53.766,
		"ma20": 59.49,
		"ma30": 60.597,
		"dif": -3.55,
		"dea": -3.08,
		"macd": -0.94,
		"time": "Fri Mar 11 00:00:00 +0800 2016"
	}, {
		"volume": 14523894,
		"open": 52.65,
		"high": 55.58,
		"close": 54.58,
		"low": 52.65,
		"chg": 2.69,
		"percent": 5.18,
		"turnrate": 2.93,
		"ma5": 53.368,
		"ma10": 54.027,
		"ma20": 58.833,
		"ma30": 60.214,
		"dif": -3.35,
		"dea": -3.13,
		"macd": -0.44,
		"time": "Mon Mar 14 00:00:00 +0800 2016"
	}, {
		"volume": 8563003,
		"open": 54.4,
		"high": 55.05,
		"close": 53.4,
		"low": 53.0,
		"chg": -1.18,
		"percent": -2.16,
		"turnrate": 1.73,
		"ma5": 53.13,
		"ma10": 53.891,
		"ma20": 57.915,
		"ma30": 60.015,
		"dif": -3.24,
		"dea": -3.15,
		"macd": -0.18,
		"time": "Tue Mar 15 00:00:00 +0800 2016"
	}, {
		"volume": 7756051,
		"open": 54.57,
		"high": 55.0,
		"close": 53.18,
		"low": 52.32,
		"chg": -0.22,
		"percent": -0.41,
		"turnrate": 1.56,
		"ma5": 53.172,
		"ma10": 53.585,
		"ma20": 57.037,
		"ma30": 59.727,
		"dif": -3.14,
		"dea": -3.15,
		"macd": 0.02,
		"time": "Wed Mar 16 00:00:00 +0800 2016"
	}, {
		"volume": 17690240,
		"open": 53.8,
		"high": 58.5,
		"close": 58.5,
		"low": 53.5,
		"chg": 5.32,
		"percent": 10.0,
		"turnrate": 3.57,
		"ma5": 54.31,
		"ma10": 53.799,
		"ma20": 56.543,
		"ma30": 59.741,
		"dif": -2.6,
		"dea": -3.04,
		"macd": 0.88,
		"time": "Thu Mar 17 00:00:00 +0800 2016"
	}, {
		"volume": 41702807,
		"open": 62.38,
		"high": 64.35,
		"close": 64.35,
		"low": 61.5,
		"chg": 5.85,
		"percent": 10.0,
		"turnrate": 8.4,
		"ma5": 56.802,
		"ma10": 55.006,
		"ma20": 56.37,
		"ma30": 59.86,
		"dif": -1.68,
		"dea": -2.77,
		"macd": 2.18,
		"time": "Fri Mar 18 00:00:00 +0800 2016"
	}, {
		"volume": 43922651,
		"open": 69.0,
		"high": 70.79,
		"close": 70.79,
		"low": 67.33,
		"chg": 6.44,
		"percent": 10.01,
		"turnrate": 8.85,
		"ma5": 60.044,
		"ma10": 56.706,
		"ma20": 56.649,
		"ma30": 60.219,
		"dif": -0.42,
		"dea": -2.3,
		"macd": 3.76,
		"time": "Mon Mar 21 00:00:00 +0800 2016"
	}, {
		"volume": 33976754,
		"open": 68.0,
		"high": 70.0,
		"close": 68.15,
		"low": 67.88,
		"chg": -2.64,
		"percent": -3.73,
		"turnrate": 6.85,
		"ma5": 62.994,
		"ma10": 58.062,
		"ma20": 56.967,
		"ma30": 60.372,
		"dif": 0.35,
		"dea": -1.77,
		"macd": 4.24,
		"time": "Tue Mar 22 00:00:00 +0800 2016"
	}, {
		"volume": 32712760,
		"open": 67.1,
		"high": 74.97,
		"close": 74.97,
		"low": 67.0,
		"chg": 6.82,
		"percent": 10.01,
		"turnrate": 6.59,
		"ma5": 67.352,
		"ma10": 60.262,
		"ma20": 57.547,
		"ma30": 60.729,
		"dif": 1.5,
		"dea": -1.12,
		"macd": 5.24,
		"time": "Wed Mar 23 00:00:00 +0800 2016"
	}, {
		"volume": 43991274,
		"open": 74.97,
		"high": 82.47,
		"close": 75.71,
		"low": 74.1,
		"chg": 0.74,
		"percent": 0.99,
		"turnrate": 8.87,
		"ma5": 70.794,
		"ma10": 62.552,
		"ma20": 58.456,
		"ma30": 61.033,
		"dif": 2.44,
		"dea": -0.4,
		"macd": 5.68,
		"time": "Thu Mar 24 00:00:00 +0800 2016"
	}, {
		"volume": 25370635,
		"open": 75.43,
		"high": 78.08,
		"close": 74.4,
		"low": 72.91,
		"chg": -1.31,
		"percent": -1.73,
		"turnrate": 5.11,
		"ma5": 72.804,
		"ma10": 64.803,
		"ma20": 59.285,
		"ma30": 61.261,
		"dif": 3.05,
		"dea": 0.29,
		"macd": 5.52,
		"time": "Fri Mar 25 00:00:00 +0800 2016"
	}, {
		"volume": 22354459,
		"open": 76.0,
		"high": 76.45,
		"close": 72.39,
		"low": 71.24,
		"chg": -2.01,
		"percent": -2.7,
		"turnrate": 4.51,
		"ma5": 73.124,
		"ma10": 66.584,
		"ma20": 60.306,
		"ma30": 61.417,
		"dif": 3.33,
		"dea": 0.9,
		"macd": 4.86,
		"time": "Mon Mar 28 00:00:00 +0800 2016"
	}, {
		"volume": 27522476,
		"open": 72.0,
		"high": 75.5,
		"close": 73.19,
		"low": 71.01,
		"chg": 0.8,
		"percent": 1.11,
		"turnrate": 5.55,
		"ma5": 74.132,
		"ma10": 68.563,
		"ma20": 61.227,
		"ma30": 61.464,
		"dif": 3.57,
		"dea": 1.43,
		"macd": 4.28,
		"time": "Tue Mar 29 00:00:00 +0800 2016"
	}, {
		"volume": 37642739,
		"open": 73.9,
		"high": 80.51,
		"close": 79.19,
		"low": 73.17,
		"chg": 6.0,
		"percent": 8.2,
		"turnrate": 7.59,
		"ma5": 74.976,
		"ma10": 71.164,
		"ma20": 62.375,
		"ma30": 61.746,
		"dif": 4.2,
		"dea": 1.98,
		"macd": 4.44,
		"time": "Wed Mar 30 00:00:00 +0800 2016"
	}, {
		"volume": 24302637,
		"open": 78.0,
		"high": 79.19,
		"close": 77.0,
		"low": 76.55,
		"chg": -2.19,
		"percent": -2.77,
		"turnrate": 4.9,
		"ma5": 75.234,
		"ma10": 73.014,
		"ma20": 63.407,
		"ma30": 62.034,
		"dif": 4.47,
		"dea": 2.48,
		"macd": 3.98,
		"time": "Thu Mar 31 00:00:00 +0800 2016"
	}, {
		"volume": 17894082,
		"open": 76.03,
		"high": 76.66,
		"close": 74.2,
		"low": 72.5,
		"chg": -2.8,
		"percent": -3.64,
		"turnrate": 3.61,
		"ma5": 75.194,
		"ma10": 73.999,
		"ma20": 64.503,
		"ma30": 62.247,
		"dif": 4.41,
		"dea": 2.87,
		"macd": 3.08,
		"time": "Fri Apr 01 00:00:00 +0800 2016"
	}, {
		"volume": 22922168,
		"open": 74.99,
		"high": 81.37,
		"close": 77.63,
		"low": 74.15,
		"chg": 3.43,
		"percent": 4.62,
		"turnrate": 4.62,
		"ma5": 76.242,
		"ma10": 74.683,
		"ma20": 65.694,
		"ma30": 62.66,
		"dif": 4.58,
		"dea": 3.21,
		"macd": 2.74,
		"time": "Tue Apr 05 00:00:00 +0800 2016"
	}, {
		"volume": 14261683,
		"open": 76.13,
		"high": 77.31,
		"close": 76.2,
		"low": 75.25,
		"chg": -1.43,
		"percent": -1.84,
		"turnrate": 2.87,
		"ma5": 76.844,
		"ma10": 75.488,
		"ma20": 66.775,
		"ma30": 63.14,
		"dif": 4.55,
		"dea": 3.48,
		"macd": 2.14,
		"time": "Wed Apr 06 00:00:00 +0800 2016"
	}, {
		"volume": 14205023,
		"open": 76.7,
		"high": 77.28,
		"close": 73.53,
		"low": 73.5,
		"chg": -2.67,
		"percent": -3.5,
		"turnrate": 2.86,
		"ma5": 75.712,
		"ma10": 75.344,
		"ma20": 67.803,
		"ma30": 63.479,
		"dif": 4.27,
		"dea": 3.64,
		"macd": 1.26,
		"time": "Thu Apr 07 00:00:00 +0800 2016"
	}, {
		"volume": 12504393,
		"open": 72.88,
		"high": 74.49,
		"close": 73.33,
		"low": 71.01,
		"chg": -0.2,
		"percent": -0.27,
		"turnrate": 2.52,
		"ma5": 74.978,
		"ma10": 75.106,
		"ma20": 68.829,
		"ma30": 64.006,
		"dif": 3.98,
		"dea": 3.7,
		"macd": 0.56,
		"time": "Fri Apr 08 00:00:00 +0800 2016"
	}, {
		"volume": 17305963,
		"open": 75.11,
		"high": 78.3,
		"close": 74.08,
		"low": 73.41,
		"chg": 0.75,
		"percent": 1.02,
		"turnrate": 3.49,
		"ma5": 74.954,
		"ma10": 75.074,
		"ma20": 69.939,
		"ma30": 64.548,
		"dif": 3.76,
		"dea": 3.72,
		"macd": 0.08,
		"time": "Mon Apr 11 00:00:00 +0800 2016"
	}, {
		"volume": 12877992,
		"open": 75.0,
		"high": 75.06,
		"close": 73.6,
		"low": 71.37,
		"chg": -0.48,
		"percent": -0.65,
		"turnrate": 2.6,
		"ma5": 74.148,
		"ma10": 75.195,
		"ma20": 70.89,
		"ma30": 65.269,
		"dif": 3.52,
		"dea": 3.68,
		"macd": -0.32,
		"time": "Tue Apr 12 00:00:00 +0800 2016"
	}, {
		"volume": 31257774,
		"open": 74.05,
		"high": 80.5,
		"close": 77.22,
		"low": 74.02,
		"chg": 3.62,
		"percent": 4.92,
		"turnrate": 6.3,
		"ma5": 74.352,
		"ma10": 75.598,
		"ma20": 72.081,
		"ma30": 66.017,
		"dif": 3.57,
		"dea": 3.66,
		"macd": -0.18,
		"time": "Wed Apr 13 00:00:00 +0800 2016"
	}, {
		"volume": 20799221,
		"open": 77.19,
		"high": 80.49,
		"close": 80.23,
		"low": 76.5,
		"chg": 3.01,
		"percent": 3.9,
		"turnrate": 4.19,
		"ma5": 75.692,
		"ma10": 75.702,
		"ma20": 73.433,
		"ma30": 66.817,
		"dif": 3.81,
		"dea": 3.69,
		"macd": 0.24,
		"time": "Thu Apr 14 00:00:00 +0800 2016"
	}, {
		"volume": 16514355,
		"open": 81.0,
		"high": 81.56,
		"close": 78.76,
		"low": 78.25,
		"chg": -1.47,
		"percent": -1.83,
		"turnrate": 3.33,
		"ma5": 76.778,
		"ma10": 75.878,
		"ma20": 74.446,
		"ma30": 67.564,
		"dif": 3.84,
		"dea": 3.72,
		"macd": 0.24,
		"time": "Fri Apr 15 00:00:00 +0800 2016"
	}, {
		"volume": 11959078,
		"open": 76.0,
		"high": 79.7,
		"close": 78.2,
		"low": 75.15,
		"chg": -0.56,
		"percent": -0.71,
		"turnrate": 2.41,
		"ma5": 77.602,
		"ma10": 76.278,
		"ma20": 75.139,
		"ma30": 68.428,
		"dif": 3.78,
		"dea": 3.73,
		"macd": 0.1,
		"time": "Mon Apr 18 00:00:00 +0800 2016"
	}, {
		"volume": 12934458,
		"open": 77.89,
		"high": 79.65,
		"close": 78.18,
		"low": 75.5,
		"chg": -0.02,
		"percent": -0.03,
		"turnrate": 2.61,
		"ma5": 78.518,
		"ma10": 76.333,
		"ma20": 75.508,
		"ma30": 69.241,
		"dif": 3.68,
		"dea": 3.72,
		"macd": -0.08,
		"time": "Tue Apr 19 00:00:00 +0800 2016"
	}, {
		"volume": 17457872,
		"open": 78.0,
		"high": 78.8,
		"close": 74.16,
		"low": 72.04,
		"chg": -4.02,
		"percent": -5.14,
		"turnrate": 3.52,
		"ma5": 77.906,
		"ma10": 76.129,
		"ma20": 75.809,
		"ma30": 69.893,
		"dif": 3.24,
		"dea": 3.62,
		"macd": -0.76,
		"time": "Wed Apr 20 00:00:00 +0800 2016"
	}, {
		"volume": 9958736,
		"open": 73.38,
		"high": 74.5,
		"close": 71.7,
		"low": 71.5,
		"chg": -2.46,
		"percent": -3.32,
		"turnrate": 2.01,
		"ma5": 76.2,
		"ma10": 75.946,
		"ma20": 75.645,
		"ma30": 70.517,
		"dif": 2.66,
		"dea": 3.43,
		"macd": -1.54,
		"time": "Thu Apr 21 00:00:00 +0800 2016"
	}, {
		"volume": 12916447,
		"open": 71.0,
		"high": 75.55,
		"close": 74.09,
		"low": 70.5,
		"chg": 2.39,
		"percent": 3.33,
		"turnrate": 2.6,
		"ma5": 75.266,
		"ma10": 76.022,
		"ma20": 75.564,
		"ma30": 71.227,
		"dif": 2.37,
		"dea": 3.22,
		"macd": -1.7,
		"time": "Fri Apr 22 00:00:00 +0800 2016"
	}, {
		"volume": 10468905,
		"open": 73.1,
		"high": 76.23,
		"close": 74.98,
		"low": 71.92,
		"chg": 0.89,
		"percent": 1.2,
		"turnrate": 2.11,
		"ma5": 74.622,
		"ma10": 76.112,
		"ma20": 75.593,
		"ma30": 71.996,
		"dif": 2.19,
		"dea": 3.01,
		"macd": -1.64,
		"time": "Mon Apr 25 00:00:00 +0800 2016"
	}, {
		"volume": 7059653,
		"open": 74.99,
		"high": 76.25,
		"close": 75.3,
		"low": 73.68,
		"chg": 0.32,
		"percent": 0.43,
		"turnrate": 1.42,
		"ma5": 74.046,
		"ma10": 76.282,
		"ma20": 75.739,
		"ma30": 72.687,
		"dif": 2.05,
		"dea": 2.82,
		"macd": -1.54,
		"time": "Tue Apr 26 00:00:00 +0800 2016"
	}, {
		"volume": 6231101,
		"open": 75.98,
		"high": 75.98,
		"close": 73.76,
		"low": 73.5,
		"chg": -1.54,
		"percent": -2.05,
		"turnrate": 1.26,
		"ma5": 73.966,
		"ma10": 75.936,
		"ma20": 75.767,
		"ma30": 73.366,
		"dif": 1.79,
		"dea": 2.61,
		"macd": -1.64,
		"time": "Wed Apr 27 00:00:00 +0800 2016"
	}, {
		"volume": 15142148,
		"open": 74.1,
		"high": 78.0,
		"close": 77.74,
		"low": 73.0,
		"chg": 3.98,
		"percent": 5.4,
		"turnrate": 3.05,
		"ma5": 75.174,
		"ma10": 75.687,
		"ma20": 75.695,
		"ma30": 74.184,
		"dif": 1.88,
		"dea": 2.47,
		"macd": -1.18,
		"time": "Thu Apr 28 00:00:00 +0800 2016"
	}, {
		"volume": 8533485,
		"open": 77.0,
		"high": 77.7,
		"close": 76.62,
		"low": 75.66,
		"chg": -1.12,
		"percent": -1.44,
		"turnrate": 3.24,
		"ma5": 75.68,
		"ma10": 75.473,
		"ma20": 75.675,
		"ma30": 74.788,
		"dif": 1.84,
		"dea": 2.34,
		"macd": -1.0,
		"time": "Fri Apr 29 00:00:00 +0800 2016"
	}, {
		"volume": 17093229,
		"open": 76.02,
		"high": 84.0,
		"close": 81.8,
		"low": 75.79,
		"chg": 5.18,
		"percent": 6.76,
		"turnrate": 3.44,
		"ma5": 77.044,
		"ma10": 75.833,
		"ma20": 76.056,
		"ma30": 75.37,
		"dif": 2.21,
		"dea": 2.32,
		"macd": -0.22,
		"time": "Tue May 03 00:00:00 +0800 2016"
	}, {
		"volume": 10491205,
		"open": 81.6,
		"high": 82.48,
		"close": 81.51,
		"low": 79.99,
		"chg": -0.29,
		"percent": -0.35,
		"turnrate": 2.11,
		"ma5": 78.286,
		"ma10": 76.166,
		"ma20": 76.25,
		"ma30": 75.727,
		"dif": 2.44,
		"dea": 2.34,
		"macd": 0.2,
		"time": "Wed May 04 00:00:00 +0800 2016"
	}, {
		"volume": 9825423,
		"open": 81.4,
		"high": 82.37,
		"close": 81.92,
		"low": 80.66,
		"chg": 0.41,
		"percent": 0.5,
		"turnrate": 1.9803,
		"ma5": 79.918,
		"ma10": 76.942,
		"ma20": 76.536,
		"ma30": 76.186,
		"dif": 2.64,
		"dea": 2.4,
		"macd": 0.47,
		"time": "Thu May 05 00:00:00 +0800 2016"
	}, {
		"volume": 14220989,
		"open": 81.76,
		"high": 83.65,
		"close": 77.58,
		"low": 77.0,
		"chg": -4.34,
		"percent": -5.3,
		"turnrate": 2.8662,
		"ma5": 79.886,
		"ma10": 77.53,
		"ma20": 76.738,
		"ma30": 76.273,
		"dif": 2.41,
		"dea": 2.4,
		"macd": 0.01,
		"time": "Fri May 06 00:00:00 +0800 2016"
	}, {
		"volume": 9938044,
		"open": 76.0,
		"high": 76.01,
		"close": 75.06,
		"low": 73.1,
		"chg": -2.52,
		"percent": -3.25,
		"turnrate": 2.0029,
		"ma5": 79.574,
		"ma10": 77.627,
		"ma20": 76.824,
		"ma30": 76.252,
		"dif": 2.0,
		"dea": 2.32,
		"macd": -0.64,
		"time": "Mon May 09 00:00:00 +0800 2016"
	}, {
		"volume": 7067007,
		"open": 74.8,
		"high": 76.5,
		"close": 75.2,
		"low": 74.5,
		"chg": 0.14,
		"percent": 0.19,
		"turnrate": 1.4243,
		"ma5": 78.254,
		"ma10": 77.649,
		"ma20": 76.881,
		"ma30": 76.278,
		"dif": 1.67,
		"dea": 2.19,
		"macd": -1.04,
		"time": "Tue May 10 00:00:00 +0800 2016"
	}, {
		"volume": 9253089,
		"open": 75.32,
		"high": 76.14,
		"close": 73.42,
		"low": 72.9,
		"chg": -1.78,
		"percent": -2.37,
		"turnrate": 1.8649,
		"ma5": 76.636,
		"ma10": 77.461,
		"ma20": 76.872,
		"ma30": 76.313,
		"dif": 1.25,
		"dea": 2.0,
		"macd": -1.51,
		"time": "Wed May 11 00:00:00 +0800 2016"
	}, {
		"volume": 9828894,
		"open": 71.81,
		"high": 75.77,
		"close": 74.95,
		"low": 70.9,
		"chg": 1.53,
		"percent": 2.08,
		"turnrate": 1.981,
		"ma5": 75.242,
		"ma10": 77.58,
		"ma20": 76.758,
		"ma30": 76.371,
		"dif": 1.03,
		"dea": 1.81,
		"macd": -1.56,
		"time": "Thu May 12 00:00:00 +0800 2016"
	}, {
		"volume": 7667420,
		"open": 74.4,
		"high": 75.8,
		"close": 72.79,
		"low": 71.96,
		"chg": -2.16,
		"percent": -2.88,
		"turnrate": 1.5453,
		"ma5": 74.284,
		"ma10": 77.085,
		"ma20": 76.386,
		"ma30": 76.158,
		"dif": 0.67,
		"dea": 1.58,
		"macd": -1.82,
		"time": "Fri May 13 00:00:00 +0800 2016"
	}, {
		"volume": 7431115,
		"open": 72.5,
		"high": 73.69,
		"close": 73.44,
		"low": 71.88,
		"chg": 0.65,
		"percent": 0.89,
		"turnrate": 1.4977,
		"ma5": 73.96,
		"ma10": 76.767,
		"ma20": 76.12,
		"ma30": 76.039,
		"dif": 0.44,
		"dea": 1.35,
		"macd": -1.83,
		"time": "Mon May 16 00:00:00 +0800 2016"
	}, {
		"volume": 16275768,
		"open": 73.44,
		"high": 78.55,
		"close": 75.45,
		"low": 71.77,
		"chg": 2.01,
		"percent": 2.74,
		"turnrate": 3.2803,
		"ma5": 74.01,
		"ma10": 76.132,
		"ma20": 75.983,
		"ma30": 76.081,
		"dif": 0.41,
		"dea": 1.16,
		"macd": -1.51,
		"time": "Tue May 17 00:00:00 +0800 2016"
	}, {
		"volume": 9224077,
		"open": 73.0,
		"high": 73.4,
		"close": 72.27,
		"low": 71.68,
		"chg": -3.18,
		"percent": -4.21,
		"turnrate": 1.8591,
		"ma5": 73.78,
		"ma10": 75.208,
		"ma20": 75.687,
		"ma30": 75.902,
		"dif": 0.13,
		"dea": 0.96,
		"macd": -1.66,
		"time": "Wed May 18 00:00:00 +0800 2016"
	}, {
		"volume": 12964416,
		"open": 72.5,
		"high": 76.2,
		"close": 72.81,
		"low": 72.28,
		"chg": 0.54,
		"percent": 0.75,
		"turnrate": 2.6129,
		"ma5": 73.352,
		"ma10": 74.297,
		"ma20": 75.62,
		"ma30": 75.789,
		"dif": -0.05,
		"dea": 0.75,
		"macd": -1.61,
		"time": "Thu May 19 00:00:00 +0800 2016"
	}, {
		"volume": 10875549,
		"open": 72.01,
		"high": 75.28,
		"close": 74.11,
		"low": 71.79,
		"chg": 1.3,
		"percent": 1.79,
		"turnrate": 2.1919,
		"ma5": 73.616,
		"ma10": 73.95,
		"ma20": 75.74,
		"ma30": 75.809,
		"dif": -0.09,
		"dea": 0.59,
		"macd": -1.35,
		"time": "Fri May 20 00:00:00 +0800 2016"
	}, {
		"volume": 12578730,
		"open": 74.14,
		"high": 77.2,
		"close": 75.6,
		"low": 74.13,
		"chg": 1.49,
		"percent": 2.01,
		"turnrate": 2.5352,
		"ma5": 74.048,
		"ma10": 74.004,
		"ma20": 75.816,
		"ma30": 75.884,
		"dif": 0.0,
		"dea": 0.47,
		"macd": -0.93,
		"time": "Mon May 23 00:00:00 +0800 2016"
	}, {
		"volume": 6108437,
		"open": 74.85,
		"high": 75.36,
		"close": 74.5,
		"low": 73.7,
		"chg": -1.1,
		"percent": -1.46,
		"turnrate": 1.2311,
		"ma5": 73.858,
		"ma10": 73.934,
		"ma20": 75.791,
		"ma30": 75.898,
		"dif": -0.01,
		"dea": 0.37,
		"macd": -0.77,
		"time": "Tue May 24 00:00:00 +0800 2016"
	}, {
		"volume": 9884193,
		"open": 75.75,
		"high": 77.6,
		"close": 75.2,
		"low": 74.39,
		"chg": 0.7,
		"percent": 0.94,
		"turnrate": 1.9921,
		"ma5": 74.444,
		"ma10": 74.112,
		"ma20": 75.786,
		"ma30": 75.952,
		"dif": 0.03,
		"dea": 0.31,
		"macd": -0.55,
		"time": "Wed May 25 00:00:00 +0800 2016"
	}, {
		"volume": 9936977,
		"open": 74.3,
		"high": 76.58,
		"close": 75.49,
		"low": 72.5,
		"chg": 0.29,
		"percent": 0.39,
		"turnrate": 2.0027,
		"ma5": 74.98,
		"ma10": 74.166,
		"ma20": 75.873,
		"ma30": 75.894,
		"dif": 0.09,
		"dea": 0.26,
		"macd": -0.35,
		"time": "Thu May 26 00:00:00 +0800 2016"
	}, {
		"volume": 6995362,
		"open": 74.95,
		"high": 75.02,
		"close": 74.08,
		"low": 73.55,
		"chg": -1.41,
		"percent": -1.87,
		"turnrate": 1.4099,
		"ma5": 74.974,
		"ma10": 74.295,
		"ma20": 75.69,
		"ma30": 75.689,
		"dif": 0.02,
		"dea": 0.22,
		"macd": -0.39,
		"time": "Fri May 27 00:00:00 +0800 2016"
	}, {
		"volume": 4879790,
		"open": 74.0,
		"high": 74.2,
		"close": 73.16,
		"low": 72.8,
		"chg": -0.92,
		"percent": -1.24,
		"turnrate": 0.9835,
		"ma5": 74.486,
		"ma10": 74.267,
		"ma20": 75.517,
		"ma30": 75.502,
		"dif": -0.1,
		"dea": 0.15,
		"macd": -0.52,
		"time": "Mon May 30 00:00:00 +0800 2016"
	}, {
		"volume": 24811050,
		"open": 73.23,
		"high": 80.48,
		"close": 80.48,
		"low": 73.23,
		"chg": 7.32,
		"percent": 10.01,
		"turnrate": 5.0005,
		"ma5": 75.682,
		"ma10": 74.77,
		"ma20": 75.451,
		"ma30": 75.578,
		"dif": 0.38,
		"dea": 0.2,
		"macd": 0.36,
		"time": "Tue May 31 00:00:00 +0800 2016"
	}, {
		"volume": 18511795,
		"open": 81.99,
		"high": 82.88,
		"close": 79.9,
		"low": 79.71,
		"chg": -0.58,
		"percent": -0.72,
		"turnrate": 3.7309,
		"ma5": 76.622,
		"ma10": 75.533,
		"ma20": 75.371,
		"ma30": 75.636,
		"dif": 0.71,
		"dea": 0.31,
		"macd": 0.81,
		"time": "Wed Jun 01 00:00:00 +0800 2016"
	}, {
		"volume": 10896130,
		"open": 78.95,
		"high": 80.59,
		"close": 79.99,
		"low": 78.65,
		"chg": 0.09,
		"percent": 0.11,
		"turnrate": 2.196,
		"ma5": 77.522,
		"ma10": 76.251,
		"ma20": 75.274,
		"ma30": 75.83,
		"dif": 0.97,
		"dea": 0.44,
		"macd": 1.06,
		"time": "Thu Jun 02 00:00:00 +0800 2016"
	}, {
		"volume": 22812265,
		"open": 80.0,
		"high": 87.88,
		"close": 82.45,
		"low": 78.76,
		"chg": 2.46,
		"percent": 3.08,
		"turnrate": 4.5977,
		"ma5": 79.196,
		"ma10": 77.085,
		"ma20": 75.518,
		"ma30": 76.188,
		"dif": 1.36,
		"dea": 0.63,
		"macd": 1.47,
		"time": "Fri Jun 03 00:00:00 +0800 2016"
	}, {
		"volume": 16504156,
		"open": 82.5,
		"high": 86.5,
		"close": 83.25,
		"low": 81.7,
		"chg": 0.8,
		"percent": 0.97,
		"turnrate": 3.3263,
		"ma5": 81.214,
		"ma10": 77.85,
		"ma20": 75.927,
		"ma30": 76.494,
		"dif": 1.71,
		"dea": 0.84,
		"macd": 1.74,
		"time": "Mon Jun 06 00:00:00 +0800 2016"
	}, {
		"volume": 8567806,
		"open": 82.5,
		"high": 82.8,
		"close": 82.2,
		"low": 81.55,
		"chg": -1.05,
		"percent": -1.26,
		"turnrate": 1.7268,
		"ma5": 81.558,
		"ma10": 78.62,
		"ma20": 76.277,
		"ma30": 76.734,
		"dif": 1.88,
		"dea": 1.05,
		"macd": 1.66,
		"time": "Tue Jun 07 00:00:00 +0800 2016"
	}, {
		"volume": 9333465,
		"open": 82.0,
		"high": 82.05,
		"close": 80.71,
		"low": 79.5,
		"chg": -1.49,
		"percent": -1.81,
		"turnrate": 3.54,
		"ma5": 81.72,
		"ma10": 79.171,
		"ma20": 76.642,
		"ma30": 76.915,
		"dif": 1.87,
		"dea": 1.21,
		"macd": 1.32,
		"time": "Wed Jun 08 00:00:00 +0800 2016"
	}, {
		"volume": 10806138,
		"open": 79.01,
		"high": 80.99,
		"close": 75.68,
		"low": 75.0,
		"chg": -5.03,
		"percent": -6.23,
		"turnrate": 2.1779,
		"ma5": 80.858,
		"ma10": 79.19,
		"ma20": 76.678,
		"ma30": 76.979,
		"dif": 1.45,
		"dea": 1.26,
		"macd": 0.37,
		"time": "Mon Jun 13 00:00:00 +0800 2016"
	}, {
		"volume": 8604517,
		"open": 75.49,
		"high": 77.0,
		"close": 75.96,
		"low": 74.5,
		"chg": 0.28,
		"percent": 0.37,
		"turnrate": 1.7342,
		"ma5": 79.56,
		"ma10": 79.378,
		"ma20": 76.837,
		"ma30": 76.919,
		"dif": 1.12,
		"dea": 1.23,
		"macd": -0.23,
		"time": "Tue Jun 14 00:00:00 +0800 2016"
	}, {
		"volume": 11333853,
		"open": 75.0,
		"high": 80.5,
		"close": 78.18,
		"low": 74.81,
		"chg": 2.22,
		"percent": 2.92,
		"turnrate": 2.2843,
		"ma5": 78.546,
		"ma10": 79.88,
		"ma20": 77.074,
		"ma30": 76.971,
		"dif": 1.03,
		"dea": 1.19,
		"macd": -0.33,
		"time": "Wed Jun 15 00:00:00 +0800 2016"
	}, {
		"volume": 8645468,
		"open": 77.88,
		"high": 78.7,
		"close": 76.74,
		"low": 76.08,
		"chg": -1.44,
		"percent": -1.84,
		"turnrate": 1.7424,
		"ma5": 77.454,
		"ma10": 79.506,
		"ma20": 77.138,
		"ma30": 76.803,
		"dif": 0.82,
		"dea": 1.12,
		"macd": -0.58,
		"time": "Thu Jun 16 00:00:00 +0800 2016"
	}, {
		"volume": 9736932,
		"open": 77.36,
		"high": 79.97,
		"close": 77.42,
		"low": 76.85,
		"chg": 0.68,
		"percent": 0.89,
		"turnrate": 1.9624,
		"ma5": 76.796,
		"ma10": 79.258,
		"ma20": 77.396,
		"ma30": 76.666,
		"dif": 0.71,
		"dea": 1.03,
		"macd": -0.64,
		"time": "Fri Jun 17 00:00:00 +0800 2016"
	}, {
		"volume": 7213931,
		"open": 76.26,
		"high": 77.38,
		"close": 76.8,
		"low": 75.61,
		"chg": -0.62,
		"percent": -0.8,
		"turnrate": 1.4539,
		"ma5": 77.02,
		"ma10": 78.939,
		"ma20": 77.595,
		"ma30": 76.496,
		"dif": 0.57,
		"dea": 0.94,
		"macd": -0.75,
		"time": "Mon Jun 20 00:00:00 +0800 2016"
	}, {
		"volume": 11741612,
		"open": 77.65,
		"high": 80.38,
		"close": 77.47,
		"low": 76.61,
		"chg": 0.67,
		"percent": 0.87,
		"turnrate": 2.3664,
		"ma5": 77.322,
		"ma10": 78.441,
		"ma20": 77.763,
		"ma30": 76.492,
		"dif": 0.5,
		"dea": 0.85,
		"macd": -0.7,
		"time": "Tue Jun 21 00:00:00 +0800 2016"
	}, {
		"volume": 8480744,
		"open": 76.72,
		"high": 79.28,
		"close": 78.92,
		"low": 76.6,
		"chg": 1.45,
		"percent": 1.87,
		"turnrate": 1.7092,
		"ma5": 77.47,
		"ma10": 78.008,
		"ma20": 77.929,
		"ma30": 76.621,
		"dif": 0.56,
		"dea": 0.79,
		"macd": -0.47,
		"time": "Wed Jun 22 00:00:00 +0800 2016"
	}, {
		"volume": 8106888,
		"open": 78.8,
		"high": 78.8,
		"close": 77.28,
		"low": 76.6,
		"chg": -1.64,
		"percent": -2.08,
		"turnrate": 1.6339,
		"ma5": 77.578,
		"ma10": 77.516,
		"ma20": 78.068,
		"ma30": 76.69,
		"dif": 0.47,
		"dea": 0.73,
		"macd": -0.52,
		"time": "Thu Jun 23 00:00:00 +0800 2016"
	}, {
		"volume": 9610703,
		"open": 77.24,
		"high": 78.26,
		"close": 76.54,
		"low": 73.88,
		"chg": -0.74,
		"percent": -0.96,
		"turnrate": 1.937,
		"ma5": 77.402,
		"ma10": 77.099,
		"ma20": 78.135,
		"ma30": 76.794,
		"dif": 0.33,
		"dea": 0.65,
		"macd": -0.64,
		"time": "Fri Jun 24 00:00:00 +0800 2016"
	}, {
		"volume": 8330418,
		"open": 75.6,
		"high": 78.15,
		"close": 77.84,
		"low": 75.5,
		"chg": 1.3,
		"percent": 1.7,
		"turnrate": 1.6789,
		"ma5": 77.61,
		"ma10": 77.315,
		"ma20": 78.253,
		"ma30": 76.89,
		"dif": 0.33,
		"dea": 0.59,
		"macd": -0.52,
		"time": "Mon Jun 27 00:00:00 +0800 2016"
	}, {
		"volume": 14487409,
		"open": 77.9,
		"high": 81.01,
		"close": 80.18,
		"low": 76.95,
		"chg": 2.34,
		"percent": 3.01,
		"turnrate": 2.9198,
		"ma5": 78.152,
		"ma10": 77.737,
		"ma20": 78.558,
		"ma30": 77.137,
		"dif": 0.5,
		"dea": 0.57,
		"macd": -0.14,
		"time": "Tue Jun 28 00:00:00 +0800 2016"
	}, {
		"volume": 12577317,
		"open": 80.65,
		"high": 83.5,
		"close": 80.5,
		"low": 80.21,
		"chg": 0.32,
		"percent": 0.4,
		"turnrate": 2.5349,
		"ma5": 78.468,
		"ma10": 77.969,
		"ma20": 78.925,
		"ma30": 77.372,
		"dif": 0.66,
		"dea": 0.59,
		"macd": 0.15,
		"time": "Wed Jun 29 00:00:00 +0800 2016"
	}, {
		"volume": 12259191,
		"open": 80.5,
		"high": 83.34,
		"close": 81.45,
		"low": 80.5,
		"chg": 0.95,
		"percent": 1.18,
		"turnrate": 2.4708,
		"ma5": 79.302,
		"ma10": 78.44,
		"ma20": 78.973,
		"ma30": 77.572,
		"dif": 0.86,
		"dea": 0.64,
		"macd": 0.43,
		"time": "Thu Jun 30 00:00:00 +0800 2016"
	}, {
		"volume": 8306238,
		"open": 81.2,
		"high": 81.99,
		"close": 79.3,
		"low": 78.84,
		"chg": -2.15,
		"percent": -2.64,
		"turnrate": 1.6741,
		"ma5": 79.854,
		"ma10": 78.628,
		"ma20": 78.943,
		"ma30": 77.806,
		"dif": 0.82,
		"dea": 0.68,
		"macd": 0.29,
		"time": "Fri Jul 01 00:00:00 +0800 2016"
	}, {
		"volume": 18168471,
		"open": 78.84,
		"high": 87.23,
		"close": 83.86,
		"low": 78.5,
		"chg": 4.56,
		"percent": 5.75,
		"turnrate": 3.6617,
		"ma5": 81.058,
		"ma10": 79.334,
		"ma20": 79.136,
		"ma30": 78.175,
		"dif": 1.15,
		"dea": 0.77,
		"macd": 0.76,
		"time": "Mon Jul 04 00:00:00 +0800 2016"
	}, {
		"volume": 10160357,
		"open": 83.31,
		"high": 83.87,
		"close": 82.75,
		"low": 81.57,
		"chg": -1.11,
		"percent": -1.32,
		"turnrate": 2.0478,
		"ma5": 81.572,
		"ma10": 79.862,
		"ma20": 79.151,
		"ma30": 78.463,
		"dif": 1.31,
		"dea": 0.88,
		"macd": 0.86,
		"time": "Tue Jul 05 00:00:00 +0800 2016"
	}, {
		"volume": 7291533,
		"open": 82.6,
		"high": 84.0,
		"close": 82.72,
		"low": 81.8,
		"chg": -0.03,
		"percent": -0.04,
		"turnrate": 1.4696,
		"ma5": 82.016,
		"ma10": 80.242,
		"ma20": 79.125,
		"ma30": 78.7,
		"dif": 1.42,
		"dea": 0.98,
		"macd": 0.86,
		"time": "Wed Jul 06 00:00:00 +0800 2016"
	}, {
		"volume": 9948265,
		"open": 82.78,
		"high": 82.78,
		"close": 81.09,
		"low": 80.0,
		"chg": -1.63,
		"percent": -1.97,
		"turnrate": 2.005,
		"ma5": 81.944,
		"ma10": 80.623,
		"ma20": 79.069,
		"ma30": 78.92,
		"dif": 1.35,
		"dea": 1.06,
		"macd": 0.59,
		"time": "Thu Jul 07 00:00:00 +0800 2016"
	}, {
		"volume": 6693020,
		"open": 80.48,
		"high": 82.0,
		"close": 80.7,
		"low": 79.98,
		"chg": -0.39,
		"percent": -0.48,
		"turnrate": 1.3489,
		"ma5": 82.224,
		"ma10": 81.039,
		"ma20": 79.069,
		"ma30": 79.103,
		"dif": 1.25,
		"dea": 1.1,
		"macd": 0.32,
		"time": "Fri Jul 08 00:00:00 +0800 2016"
	}, {
		"volume": 10072873,
		"open": 80.0,
		"high": 80.5,
		"close": 78.69,
		"low": 78.5,
		"chg": -2.01,
		"percent": -2.49,
		"turnrate": 2.0301,
		"ma5": 81.19,
		"ma10": 81.124,
		"ma20": 79.22,
		"ma30": 79.21,
		"dif": 1.01,
		"dea": 1.08,
		"macd": -0.14,
		"time": "Mon Jul 11 00:00:00 +0800 2016"
	}, {
		"volume": 9553445,
		"open": 78.0,
		"high": 81.23,
		"close": 80.68,
		"low": 77.66,
		"chg": 1.99,
		"percent": 2.53,
		"turnrate": 1.9254,
		"ma5": 80.776,
		"ma10": 81.174,
		"ma20": 79.456,
		"ma30": 79.43,
		"dif": 0.96,
		"dea": 1.06,
		"macd": -0.19,
		"time": "Tue Jul 12 00:00:00 +0800 2016"
	}, {
		"volume": 9095092,
		"open": 81.05,
		"high": 82.0,
		"close": 80.65,
		"low": 80.4,
		"chg": -0.03,
		"percent": -0.04,
		"turnrate": 1.8331,
		"ma5": 80.362,
		"ma10": 81.189,
		"ma20": 79.579,
		"ma30": 79.679,
		"dif": 0.91,
		"dea": 1.03,
		"macd": -0.24,
		"time": "Wed Jul 13 00:00:00 +0800 2016"
	}, {
		"volume": 6538347,
		"open": 80.0,
		"high": 80.25,
		"close": 79.18,
		"low": 78.7,
		"chg": -1.47,
		"percent": -1.82,
		"turnrate": 1.3178,
		"ma5": 79.98,
		"ma10": 80.962,
		"ma20": 79.701,
		"ma30": 79.636,
		"dif": 0.74,
		"dea": 0.97,
		"macd": -0.46,
		"time": "Thu Jul 14 00:00:00 +0800 2016"
	}, {
		"volume": 7805697,
		"open": 80.2,
		"high": 80.21,
		"close": 78.54,
		"low": 77.87,
		"chg": -0.64,
		"percent": -0.81,
		"turnrate": 1.5732,
		"ma5": 79.548,
		"ma10": 80.886,
		"ma20": 79.757,
		"ma30": 79.591,
		"dif": 0.55,
		"dea": 0.89,
		"macd": -0.67,
		"time": "Fri Jul 15 00:00:00 +0800 2016"
	}, {
		"volume": 3808847,
		"open": 78.35,
		"high": 79.3,
		"close": 78.91,
		"low": 77.94,
		"chg": 0.37,
		"percent": 0.47,
		"turnrate": 0.7676,
		"ma5": 79.592,
		"ma10": 80.391,
		"ma20": 79.863,
		"ma30": 79.555,
		"dif": 0.42,
		"dea": 0.79,
		"macd": -0.74,
		"time": "Mon Jul 18 00:00:00 +0800 2016"
	}, {
		"volume": 5387293,
		"open": 78.31,
		"high": 78.71,
		"close": 78.55,
		"low": 77.1,
		"chg": -0.36,
		"percent": -0.46,
		"turnrate": 1.0858,
		"ma5": 79.166,
		"ma10": 79.971,
		"ma20": 79.917,
		"ma30": 79.425,
		"dif": 0.29,
		"dea": 0.7,
		"macd": -0.81,
		"time": "Tue Jul 19 00:00:00 +0800 2016"
	}, {
		"volume": 12713511,
		"open": 79.38,
		"high": 81.98,
		"close": 80.27,
		"low": 79.38,
		"chg": 1.72,
		"percent": 2.19,
		"turnrate": 2.5623,
		"ma5": 79.09,
		"ma10": 79.726,
		"ma20": 79.984,
		"ma30": 79.325,
		"dif": 0.32,
		"dea": 0.62,
		"macd": -0.6,
		"time": "Wed Jul 20 00:00:00 +0800 2016"
	}, {
		"volume": 6484472,
		"open": 80.24,
		"high": 80.59,
		"close": 79.54,
		"low": 79.13,
		"chg": -0.73,
		"percent": -0.91,
		"turnrate": 1.3069,
		"ma5": 79.162,
		"ma10": 79.571,
		"ma20": 80.097,
		"ma30": 79.237,
		"dif": 0.29,
		"dea": 0.56,
		"macd": -0.54,
		"time": "Thu Jul 21 00:00:00 +0800 2016"
	}, {
		"volume": 5742594,
		"open": 79.31,
		"high": 79.78,
		"close": 78.69,
		"low": 78.38,
		"chg": -0.85,
		"percent": -1.07,
		"turnrate": 1.1574,
		"ma5": 79.192,
		"ma10": 79.37,
		"ma20": 80.205,
		"ma30": 79.169,
		"dif": 0.19,
		"dea": 0.48,
		"macd": -0.6,
		"time": "Fri Jul 22 00:00:00 +0800 2016"
	}, {
		"volume": 4923264,
		"open": 78.85,
		"high": 79.3,
		"close": 77.81,
		"low": 77.38,
		"chg": -0.88,
		"percent": -1.12,
		"turnrate": 0.9923,
		"ma5": 78.972,
		"ma10": 79.282,
		"ma20": 80.203,
		"ma30": 79.24,
		"dif": 0.03,
		"dea": 0.39,
		"macd": -0.72,
		"time": "Mon Jul 25 00:00:00 +0800 2016"
	}, {
		"volume": 4316422,
		"open": 77.96,
		"high": 79.46,
		"close": 78.85,
		"low": 77.8,
		"chg": 1.04,
		"percent": 1.34,
		"turnrate": 0.8699,
		"ma5": 79.032,
		"ma10": 79.099,
		"ma20": 80.137,
		"ma30": 79.337,
		"dif": 0.0,
		"dea": 0.31,
		"macd": -0.63,
		"time": "Tue Jul 26 00:00:00 +0800 2016"
	}, {
		"volume": 16096501,
		"open": 78.38,
		"high": 78.93,
		"close": 72.19,
		"low": 71.01,
		"chg": -6.66,
		"percent": -8.45,
		"turnrate": 3.2441,
		"ma5": 77.416,
		"ma10": 78.253,
		"ma20": 79.721,
		"ma30": 79.137,
		"dif": -0.56,
		"dea": 0.14,
		"macd": -1.4,
		"time": "Wed Jul 27 00:00:00 +0800 2016"
	}, {
		"volume": 9900675,
		"open": 72.17,
		"high": 72.38,
		"close": 70.13,
		"low": 68.6,
		"chg": -2.06,
		"percent": -2.85,
		"turnrate": 1.9954,
		"ma5": 75.534,
		"ma10": 77.348,
		"ma20": 79.155,
		"ma30": 78.917,
		"dif": -1.16,
		"dea": -0.12,
		"macd": -2.08,
		"time": "Thu Jul 28 00:00:00 +0800 2016"
	}, {
		"volume": 8869583,
		"open": 70.15,
		"high": 70.77,
		"close": 68.05,
		"low": 67.03,
		"chg": -2.08,
		"percent": -2.97,
		"turnrate": 1.7876,
		"ma5": 73.406,
		"ma10": 76.299,
		"ma20": 78.592,
		"ma30": 78.604,
		"dif": -1.78,
		"dea": -0.45,
		"macd": -2.65,
		"time": "Fri Jul 29 00:00:00 +0800 2016"
	}, {
		"volume": 6852543,
		"open": 67.7,
		"high": 67.97,
		"close": 67.63,
		"low": 65.13,
		"chg": -0.42,
		"percent": -0.62,
		"turnrate": 1.3811,
		"ma5": 71.37,
		"ma10": 75.171,
		"ma20": 77.781,
		"ma30": 78.299,
		"dif": -2.28,
		"dea": -0.82,
		"macd": -2.92,
		"time": "Mon Aug 01 00:00:00 +0800 2016"
	}, {
		"volume": 5760715,
		"open": 67.0,
		"high": 68.35,
		"close": 67.67,
		"low": 66.5,
		"chg": 0.04,
		"percent": 0.06,
		"turnrate": 1.161,
		"ma5": 69.134,
		"ma10": 74.083,
		"ma20": 77.027,
		"ma30": 77.972,
		"dif": -2.64,
		"dea": -1.18,
		"macd": -2.92,
		"time": "Tue Aug 02 00:00:00 +0800 2016"
	}, {
		"volume": 4947961,
		"open": 67.67,
		"high": 67.91,
		"close": 67.03,
		"low": 66.4,
		"chg": -0.64,
		"percent": -0.95,
		"turnrate": 0.9972,
		"ma5": 68.102,
		"ma10": 72.759,
		"ma20": 76.242,
		"ma30": 77.576,
		"dif": -2.94,
		"dea": -1.53,
		"macd": -2.82,
		"time": "Wed Aug 03 00:00:00 +0800 2016"
	}, {
		"volume": 6769257,
		"open": 67.32,
		"high": 68.8,
		"close": 68.42,
		"low": 66.85,
		"chg": 1.39,
		"percent": 2.07,
		"turnrate": 1.3643,
		"ma5": 67.76,
		"ma10": 71.647,
		"ma20": 75.609,
		"ma30": 77.28,
		"dif": -3.04,
		"dea": -1.84,
		"macd": -2.41,
		"time": "Thu Aug 04 00:00:00 +0800 2016"
	}, {
		"volume": 5380162,
		"open": 68.3,
		"high": 68.7,
		"close": 67.37,
		"low": 67.3,
		"chg": -1.05,
		"percent": -1.53,
		"turnrate": 1.0843,
		"ma5": 67.624,
		"ma10": 70.515,
		"ma20": 74.943,
		"ma30": 76.975,
		"dif": -3.16,
		"dea": -2.1,
		"macd": -2.12,
		"time": "Fri Aug 05 00:00:00 +0800 2016"
	}, {
		"volume": 6066172,
		"open": 66.9,
		"high": 67.94,
		"close": 67.59,
		"low": 65.53,
		"chg": 0.22,
		"percent": 0.33,
		"turnrate": 1.2226,
		"ma5": 67.616,
		"ma10": 69.493,
		"ma20": 74.388,
		"ma30": 76.633,
		"dif": -3.2,
		"dea": -2.32,
		"macd": -1.77,
		"time": "Mon Aug 08 00:00:00 +0800 2016"
	}, {
		"volume": 5463568,
		"open": 67.51,
		"high": 68.08,
		"close": 68.0,
		"low": 66.9,
		"chg": 0.41,
		"percent": 0.61,
		"turnrate": 1.1011,
		"ma5": 67.682,
		"ma10": 68.408,
		"ma20": 73.754,
		"ma30": 76.227,
		"dif": -3.17,
		"dea": -2.49,
		"macd": -1.35,
		"time": "Tue Aug 09 00:00:00 +0800 2016"
	}, {
		"volume": 6092512,
		"open": 68.51,
		"high": 69.87,
		"close": 67.92,
		"low": 67.89,
		"chg": -0.08,
		"percent": -0.12,
		"turnrate": 1.2279,
		"ma5": 67.86,
		"ma10": 67.981,
		"ma20": 73.117,
		"ma30": 75.808,
		"dif": -3.11,
		"dea": -2.62,
		"macd": -0.99,
		"time": "Wed Aug 10 00:00:00 +0800 2016"
	}, {
		"volume": 5648075,
		"open": 67.35,
		"high": 68.96,
		"close": 67.66,
		"low": 67.3,
		"chg": -0.26,
		"percent": -0.38,
		"turnrate": 1.1383,
		"ma5": 67.708,
		"ma10": 67.734,
		"ma20": 72.541,
		"ma30": 75.348,
		"dif": -3.06,
		"dea": -2.71,
		"macd": -0.69,
		"time": "Thu Aug 11 00:00:00 +0800 2016"
	}, {
		"volume": 4268711,
		"open": 66.9,
		"high": 68.4,
		"close": 67.97,
		"low": 66.8,
		"chg": 0.31,
		"percent": 0.46,
		"turnrate": 0.8603,
		"ma5": 67.828,
		"ma10": 67.726,
		"ma20": 72.012,
		"ma30": 74.97,
		"dif": -2.95,
		"dea": -2.76,
		"macd": -0.38,
		"time": "Fri Aug 12 00:00:00 +0800 2016"
	}, {
		"volume": 20797056,
		"open": 68.2,
		"high": 74.42,
		"close": 72.71,
		"low": 67.21,
		"chg": 4.74,
		"percent": 6.97,
		"turnrate": 4.1915,
		"ma5": 68.852,
		"ma10": 68.234,
		"ma20": 71.703,
		"ma30": 74.599,
		"dif": -2.46,
		"dea": -2.7,
		"macd": 0.49,
		"time": "Mon Aug 15 00:00:00 +0800 2016"
	}, {
		"volume": 10216845,
		"open": 71.82,
		"high": 73.5,
		"close": 72.2,
		"low": 71.5,
		"chg": -0.51,
		"percent": -0.7,
		"turnrate": 2.0591,
		"ma5": 69.692,
		"ma10": 68.687,
		"ma20": 71.385,
		"ma30": 74.247,
		"dif": -2.08,
		"dea": -2.58,
		"macd": 0.99,
		"time": "Tue Aug 16 00:00:00 +0800 2016"
	}, {
		"volume": 6246704,
		"open": 72.32,
		"high": 72.78,
		"close": 71.28,
		"low": 71.0,
		"chg": -0.92,
		"percent": -1.27,
		"turnrate": 1.259,
		"ma5": 70.364,
		"ma10": 69.112,
		"ma20": 70.936,
		"ma30": 73.866,
		"dif": -1.84,
		"dea": -2.43,
		"macd": 1.19,
		"time": "Wed Aug 17 00:00:00 +0800 2016"
	}, {
		"volume": 7341495,
		"open": 71.0,
		"high": 71.25,
		"close": 70.22,
		"low": 69.6,
		"chg": -1.06,
		"percent": -1.49,
		"turnrate": 1.4796,
		"ma5": 70.876,
		"ma10": 69.292,
		"ma20": 70.47,
		"ma30": 73.503,
		"dif": -1.71,
		"dea": -2.28,
		"macd": 1.15,
		"time": "Thu Aug 18 00:00:00 +0800 2016"
	}, {
		"volume": 4074242,
		"open": 70.11,
		"high": 71.01,
		"close": 70.6,
		"low": 69.9,
		"chg": 0.38,
		"percent": 0.54,
		"turnrate": 0.8211,
		"ma5": 71.402,
		"ma10": 69.615,
		"ma20": 70.065,
		"ma30": 73.167,
		"dif": -1.56,
		"dea": -2.14,
		"macd": 1.16,
		"time": "Fri Aug 19 00:00:00 +0800 2016"
	}, {
		"volume": 3772868,
		"open": 70.75,
		"high": 71.89,
		"close": 70.03,
		"low": 69.9,
		"chg": -0.57,
		"percent": -0.81,
		"turnrate": 0.7604,
		"ma5": 70.866,
		"ma10": 69.859,
		"ma20": 69.676,
		"ma30": 72.878,
		"dif": -1.47,
		"dea": -2.01,
		"macd": 1.08,
		"time": "Mon Aug 22 00:00:00 +0800 2016"
	}, {
		"volume": 4902313,
		"open": 69.8,
		"high": 70.56,
		"close": 69.7,
		"low": 69.28,
		"chg": -0.33,
		"percent": -0.47,
		"turnrate": 0.988,
		"ma5": 70.366,
		"ma10": 70.029,
		"ma20": 69.218,
		"ma30": 72.512,
		"dif": -1.41,
		"dea": -1.89,
		"macd": 0.96,
		"time": "Tue Aug 23 00:00:00 +0800 2016"
	}, {
		"volume": 3600037,
		"open": 69.75,
		"high": 70.24,
		"close": 69.85,
		"low": 69.25,
		"chg": 0.15,
		"percent": 0.22,
		"turnrate": 0.7256,
		"ma5": 70.08,
		"ma10": 70.222,
		"ma20": 69.102,
		"ma30": 72.152,
		"dif": -1.33,
		"dea": -1.77,
		"macd": 0.89,
		"time": "Wed Aug 24 00:00:00 +0800 2016"
	}, {
		"volume": 5547827,
		"open": 69.1,
		"high": 69.15,
		"close": 68.42,
		"low": 67.8,
		"chg": -1.43,
		"percent": -2.05,
		"turnrate": 1.1181,
		"ma5": 69.72,
		"ma10": 70.298,
		"ma20": 69.016,
		"ma30": 71.793,
		"dif": -1.37,
		"dea": -1.7,
		"macd": 0.65,
		"time": "Thu Aug 25 00:00:00 +0800 2016"
	}, {
		"volume": 4413358,
		"open": 68.98,
		"high": 70.0,
		"close": 68.49,
		"low": 68.35,
		"chg": 0.07,
		"percent": 0.1,
		"turnrate": 0.8895,
		"ma5": 69.298,
		"ma10": 70.35,
		"ma20": 69.038,
		"ma30": 71.458,
		"dif": -1.38,
		"dea": -1.63,
		"macd": 0.5,
		"time": "Fri Aug 26 00:00:00 +0800 2016"
	}, {
		"volume": 4033542,
		"open": 68.21,
		"high": 68.68,
		"close": 68.03,
		"low": 67.2,
		"chg": -0.46,
		"percent": -0.67,
		"turnrate": 0.8129,
		"ma5": 68.898,
		"ma10": 69.882,
		"ma20": 69.058,
		"ma30": 71.096,
		"dif": -1.41,
		"dea": -1.59,
		"macd": 0.35,
		"time": "Mon Aug 29 00:00:00 +0800 2016"
	}, {
		"volume": 3354761,
		"open": 68.29,
		"high": 68.8,
		"close": 68.19,
		"low": 68.0,
		"chg": 0.16,
		"percent": 0.24,
		"turnrate": 0.6761,
		"ma5": 68.596,
		"ma10": 69.481,
		"ma20": 69.084,
		"ma30": 70.75,
		"dif": -1.4,
		"dea": -1.55,
		"macd": 0.29,
		"time": "Tue Aug 30 00:00:00 +0800 2016"
	}, {
		"volume": 2010367,
		"open": 68.0,
		"high": 68.45,
		"close": 68.35,
		"low": 67.52,
		"chg": 0.16,
		"percent": 0.23,
		"turnrate": 0.76,
		"ma5": 68.296,
		"ma10": 69.188,
		"ma20": 69.15,
		"ma30": 70.353,
		"dif": -1.37,
		"dea": -1.51,
		"macd": 0.29,
		"time": "Wed Aug 31 00:00:00 +0800 2016"
	}]
}