{
    "SZ300033": {
        "symbol": "SZ300033",
        "exchange": "SZ",
        "code": "300033",
        "name": "同花顺",
        "current": "68.80",
        "percentage": "0.09",
        "change": "0.06",
        "open": "68.5",
        "high": "69.16",
        "low": "68.5",
        "close": "68.8",
        "last_close": "68.74",
        "high52week": "87.88",
        "low52week": "50.7",
        "volume": "2499121.0",
        "volumeAverage": "27106455",
        "marketCapital": "3.698688E10",
        "eps": "2.25",
        "pe_ttm": "30.5279",
        "pe_lyr": "30.5279",
        "beta": "0.0",
        "totalShares": "537600000",
        "time": "Tue Feb 28 15:04:03 +0800 2017",
        "afterHours": "0.0",
        "afterHoursPct": "0.0",
        "afterHoursChg": "0.0",
        "afterHoursTime": "Wed Oct 19 21:59:01 -0400 2011",
        "updateAt": "1486027874067",
        "dividend": "0.74",
        "yield": "1.08",
        "turnover_rate": "0.95%",
        "instOwn": "0.0",
        "rise_stop": "75.61",
        "fall_stop": "61.87",
        "currency_unit": "CNY",
        "amount": "1.7197725315E8",
        "net_assets": "5.4933",
        "hasexist": "true",
        "has_warrant": "0",
        "type": "11",
        "flag": "1",
        "rest_day": "",
        "amplitude": "0.96%",
        "market_status": "已收盘",
        "lot_size": "100",
        "min_order_quantity": "0",
        "max_order_quantity": "0",
        "tick_size": "0.01",
        "kzz_stock_symbol": "",
        "kzz_stock_name": "",
        "kzz_stock_current": "0.0",
        "kzz_convert_price": "0.0",
        "kzz_covert_value": "0.0",
        "kzz_cpr": "0.0",
        "kzz_putback_price": "0.0",
        "kzz_convert_time": "",
        "kzz_redempt_price": "0.0",
        "kzz_straight_price": "0.0",
        "kzz_stock_percent": "",
        "pb": "12.52",
        "benefit_before_tax": "0.0",
        "benefit_after_tax": "0.0",
        "convert_bond_ratio": "",
        "totalissuescale": "",
        "outstandingamt": "",
        "maturitydate": "",
        "remain_year": "",
        "convertrate": "0.0",
        "interestrtmemo": "",
        "release_date": "",
        "circulation": "0.0",
        "par_value": "0.0",
        "due_time": "0.0",
        "value_date": "",
        "due_date": "",
        "publisher": "",
        "redeem_type": "F",
        "issue_type": "3",
        "bond_type": "",
        "warrant": "",
        "sale_rrg": "",
        "rate": "",
        "after_hour_vol": "0",
        "float_shares": "263620145",
        "float_market_capital": "1.8137065976E10",
        "disnext_pay_date": "",
        "convert_rate": "0.0",
        "psr": "21.316"
    }
}
